latitude,longitude,elevation,x,y,timestamp
35.25715731855349,137.13306306763934,209.7,-3057.677195929696,-82411.22233706315,2025-10-11T02:04:01.998Z
35.25715731855349,137.13306306763934,209.7,-3057.677195929696,-82411.22233706315,2025-10-11T02:04:02.998Z
35.25715731855349,137.13306306763934,209.7,-3057.677195929696,-82411.22233706315,2025-10-11T02:04:03.998Z
35.25715731855349,137.13306306763934,209.7,-3057.677195929696,-82411.22233706315,2025-10-11T02:04:04.998Z
35.25715731855349,137.13306306763934,209.7,-3057.677195929696,-82411.22233706315,2025-10-11T02:04:05.998Z
35.25715731855349,137.13306306763934,209.7,-3057.677195929696,-82411.22233706315,2025-10-11T02:04:06.998Z
35.25715731855349,137.13306306763934,209.7,-3057.677195929696,-82411.22233706315,2025-10-11T02:04:07.997Z
35.25715731855349,137.13306306763934,209.7,-3057.677195929696,-82411.22233706315,2025-10-11T02:04:08.997Z
35.25715731855349,137.13306306763934,209.7,-3057.677195929696,-82411.22233706315,2025-10-11T02:04:09.997Z
35.25715731855349,137.13306306763934,209.7,-3057.677195929696,-82411.22233706315,2025-10-11T02:04:10.997Z
35.25715252426687,137.13305868200476,209.6,-3058.076436105943,-82411.75405231658,2025-10-11T02:04:11.997Z
35.25715252426687,137.13305868200476,209.5,-3058.076436105943,-82411.75405231658,2025-10-11T02:04:12.997Z
35.25714578664114,137.1330790759984,209.3,-3056.2209873428324,-82412.50211359913,2025-10-11T02:04:13.997Z
35.257139998983035,137.13311215602076,208.9,-3053.2111682313325,-82413.14518090154,2025-10-11T02:04:14.997Z
35.25712928786841,137.13317216586466,208.7,-3047.751119053742,-82414.33525415484,2025-10-11T02:04:15.997Z
35.25711902333252,137.13323284245803,208.5,-3042.2303824886667,-82415.47580368262,2025-10-11T02:04:16.997Z
35.2571037717835,137.1333239231861,208.1,-3033.943278840704,-82417.17050992856,2025-10-11T02:04:17.999Z
35.25708579400036,137.13343518282096,207.7,-3023.8201415258695,-82419.16825609616,2025-10-11T02:04:18.999Z
35.257068573060536,137.13354697823237,207.2,-3013.648219995689,-82421.08204736817,2025-10-11T02:04:19.999Z
35.2570498312408,137.13366467438811,206.5,-3002.93942576542,-82423.1647233102,2025-10-11T02:04:20.999Z
35.257031467114615,137.1337812271979,205.5,-2992.3346488585,-82425.20545294628,2025-10-11T02:04:21.999Z
35.257010412433,137.13391497135066,204.4,-2980.1656786777435,-82427.54516103347,2025-10-11T02:04:22.999Z
35.25698790142931,137.13405369050466,203.3,-2967.5440662863266,-82430.04655738824,2025-10-11T02:04:23.999Z
35.25696152716674,137.13419498114106,202.2,-2954.688600823424,-82432.97658017119,2025-10-11T02:04:24.999Z
35.25693042543023,137.13434163885532,201.0,-2941.3449323721147,-82436.4311822272,2025-10-11T02:04:25.999Z
35.25689978346382,137.13449798111148,199.8,-2927.120013207197,-82439.83504595912,2025-10-11T02:04:26.999Z
35.25687203822016,137.13465345202803,198.6,-2912.9742653959693,-82442.91751607957,2025-10-11T02:04:27.999Z
35.25684620669311,137.13481103641683,197.4,-2898.6361288379658,-82445.7877291298,2025-10-11T02:04:28.999Z
35.25682048229616,137.1349764990357,196.2,-2883.5811161518536,-82448.64626391235,2025-10-11T02:04:29.999Z
35.25679593850323,137.13514198281788,194.9,-2868.524126650446,-82451.37380483533,2025-10-11T02:04:30.999Z
35.25677043601551,137.1353074223565,193.7,-2853.4711875311223,-82454.20767140338,2025-10-11T02:04:31.999Z
35.25674612735023,137.13547259172347,192.5,-2838.442781100982,-82456.90906940549,2025-10-11T02:04:32.999Z
35.25672141404359,137.13564402257649,191.3,-2822.8446280806793,-82459.6555090427,2025-10-11T02:04:33.999Z
35.25669967695056,137.13581406230384,190.1,-2807.3729457653562,-82462.07171852047,2025-10-11T02:04:34.999Z
35.25667742936512,137.13598006523557,188.9,-2792.268593208909,-82464.54441899067,2025-10-11T02:04:35.999Z
35.25665405129505,137.13613536307307,187.8,-2778.138360847452,-82467.14220401553,2025-10-11T02:04:36.999Z
35.256620499381384,137.13628706283114,186.8,-2764.335866364499,-82470.86849383726,2025-10-11T02:04:37.999Z
35.256586275073964,137.1364375660079,185.9,-2750.6422639761463,-82474.66932083714,2025-10-11T02:04:38.999Z
35.256562222024776,137.13658250565706,185.1,-2737.4545514415527,-82477.34163332127,2025-10-11T02:04:39.999Z
35.256546257738435,137.13671283677385,184.5,-2725.595838098087,-82479.11620513216,2025-10-11T02:04:40.999Z
35.25653332031533,137.13682052294163,184.0,-2715.7975567421668,-82480.55435939328,2025-10-11T02:04:41.999Z
35.25651742748832,137.13689943960148,183.7,-2708.61720205991,-82482.31957365884,2025-10-11T02:04:42.999Z
35.256480438274785,137.13695389077387,183.4,-2703.6637402458505,-82486.42442661627,2025-10-11T02:04:43.999Z
35.256421451206954,137.13698636439264,183.1,-2700.7108148820876,-82492.96899317727,2025-10-11T02:04:44.999Z
35.256297539757206,137.13693723496786,182.9,-2705.1853842154655,-82506.71367125028,2025-10-11T02:04:45.999Z
35.25619156004131,137.13688287097858,182.7,-2710.135682395781,-82518.46896166627,2025-10-11T02:04:46.999Z
35.25607347060284,137.13681375922087,182.4,-2716.4283522469887,-82531.56722783338,2025-10-11T02:04:47.999Z
35.2559530384951,137.1367461069041,182.1,-2722.5883184519053,-82544.92541149734,2025-10-11T02:04:48.999Z
35.2558379890807,137.1366855837178,181.7,-2728.09941415663,-82557.6866620085,2025-10-11T02:04:49.999Z
35.25572025073313,137.13662304472874,181.4,-2733.7940419734978,-82570.74614799337,2025-10-11T02:04:50.999Z
35.25560741031168,137.1365575136461,181.1,-2739.7607848595694,-82583.26220017383,2025-10-11T02:04:51.999Z
35.25549359241273,137.1364842957737,180.8,-2746.427032145392,-82595.88647118922,2025-10-11T02:04:52.999Z
35.25536307085257,137.13641525937706,180.6,-2752.713371321075,-82610.36385980267,2025-10-11T02:04:53.999Z
35.25522891808477,137.1363623998256,180.3,-2757.527846353825,-82625.24451825098,2025-10-11T02:04:54.999Z
35.25510085573927,137.13631610240176,179.8,-2761.745010765845,-82639.44972050116,2025-10-11T02:04:55.999Z
35.254970745989795,137.1362751181523,179.2,-2765.478785679243,-82653.88219557265,2025-10-11T02:04:56.999Z
35.25483961103591,137.1362439975711,178.9,-2768.315061454165,-82668.42867411954,2025-10-11T02:04:57.999Z
35.25471159376588,137.1362223896402,178.8,-2770.285633888212,-82682.62955936012,2025-10-11T02:04:58.999Z
35.254588564230446,137.13620323300364,179.0,-2772.032986099094,-82696.27720221045,2025-10-11T02:04:59.999Z
35.25447170001086,137.13618657131067,179.6,-2773.5531047566665,-82709.24097007445,2025-10-11T02:05:00.999Z
35.25435946843165,137.13616869386632,180.2,-2775.1836979880813,-82721.6907854199,2025-10-11T02:05:01.999Z
35.254265158500594,137.1361531666521,180.7,-2776.599823466119,-82732.1525432083,2025-10-11T02:05:02.999Z
35.25419528470721,137.13614176819792,181.0,-2777.6394184071073,-82739.90361405785,2025-10-11T02:05:03.999Z
35.254140659402026,137.13613282628603,181.2,-2778.454959412061,-82745.96317543948,2025-10-11T02:05:04.999Z
35.25410523695451,137.13612642907324,181.3,-2779.0382886967927,-82749.89255533005,2025-10-11T02:05:05.999Z
35.254093914719746,137.13612458035118,181.3,-2779.206901402433,-82751.14852601154,2025-10-11T02:05:06.999Z
35.254090791391846,137.13612190662164,181.3,-2779.4503066527104,-82751.49493486222,2025-10-11T02:05:16.999Z
35.25409070851222,137.1361216724225,181.4,-2779.471620663365,-82751.50412248392,2025-10-11T02:05:17.998Z
35.25409053111852,137.13612120196237,181.4,-2779.514436698715,-82751.52378832936,2025-10-11T02:05:18.998Z
35.25409027782652,137.13612049283822,181.6,-2779.578972793679,-82751.5518672046,2025-10-11T02:05:19.998Z
35.254090331939985,137.13612049437458,181.8,-2779.5788311437564,-82751.54586421602,2025-10-11T02:05:20.998Z
35.25406679423451,137.1361164590951,182.0,-2779.9468289787364,-82754.15688645378,2025-10-11T02:05:21.998Z
35.25401996511288,137.1361120872642,182.2,-2780.3462471891594,-82759.35171256519,2025-10-11T02:05:22.998Z
35.253976242776815,137.13612214530994,182.3,-2779.432497132134,-82764.20229415814,2025-10-11T02:05:23.998Z
35.25393087023964,137.1361615218633,182.4,-2775.8509308106954,-82769.23675952727,2025-10-11T02:05:24.998Z
35.25391039116822,137.13623490756433,182.5,-2769.1738103416083,-82771.51063744874,2025-10-11T02:05:25.998Z
35.25392307454765,137.1363333518391,182.4,-2760.215327214113,-82770.10635946994,2025-10-11T02:05:26.998Z
35.25395025609101,137.1364577144823,182.3,-2748.8978855802493,-82767.09444927325,2025-10-11T02:05:27.998Z
35.253967823062155,137.13659652091889,182.2,-2736.2664456307793,-82765.1495074635,2025-10-11T02:05:28.998Z
35.253987497979736,137.1367283421074,182.3,-2724.270570930326,-82762.97051306881,2025-10-11T02:05:29.998Z
35.25401157400743,137.13687921643032,182.1,-2710.540795095576,-82760.3037897938,2025-10-11T02:05:30.998Z
35.254037761966366,137.13702942545936,182.3,-2696.871496544855,-82757.40274228307,2025-10-11T02:05:31.998Z
35.25406077337952,137.13718966070311,182.4,-2682.2899658974143,-82754.8543324381,2025-10-11T02:05:32.998Z
35.2540880046703,137.13735047829596,182.7,-2667.655313811424,-82751.83778618403,2025-10-11T02:05:33.998Z
35.25411663592168,137.13751681609685,182.8,-2652.518309323346,-82748.66606030277,2025-10-11T02:05:34.998Z
35.2541442657942,137.1376782499677,183.2,-2637.8275855483594,-82745.60526584848,2025-10-11T02:05:35.998Z
35.25417218526981,137.13783240664878,183.8,-2623.7990567739025,-82742.512128293,2025-10-11T02:05:36.998Z
35.25419753479148,137.13799259461902,184.5,-2609.2217976508587,-82739.70422314096,2025-10-11T02:05:37.998Z
35.25422424962299,137.1381456247189,185.1,-2595.2958404610104,-82736.74464785132,2025-10-11T02:05:38.998Z
35.2542502015187,137.13830280099225,185.5,-2580.9926322239053,-82733.86979453254,2025-10-11T02:05:39.998Z
35.25427663658323,137.1384605111288,185.9,-2566.6408385846767,-82730.94133243959,2025-10-11T02:05:40.998Z
35.25430392033432,137.13861793900875,186.2,-2552.3147118151805,-82727.91869195696,2025-10-11T02:05:41.998Z
35.25433068688413,137.13877563465772,186.5,-2537.9642449435023,-82724.95341087338,2025-10-11T02:05:42.998Z
35.254360636466004,137.13894161327514,186.6,-2522.8599745213714,-82721.63521057733,2025-10-11T02:05:43.998Z
35.25439057132183,137.13911002269776,187.0,-2507.534522983564,-82718.31868004441,2025-10-11T02:05:44.998Z
35.25441710245953,137.13926711602622,187.3,-2493.23890185342,-82715.37942790554,2025-10-11T02:05:45.998Z
35.25444423040388,137.1394328519348,187.3,-2478.156835240734,-82712.37416269403,2025-10-11T02:05:46.998Z
35.254475137920856,137.13960268300184,187.6,-2462.702023153675,-82708.94969021775,2025-10-11T02:05:47.998Z
35.25450550791656,137.13976882673197,188.2,-2447.58277008719,-82705.58472983768,2025-10-11T02:05:48.998Z
35.25453477823225,137.13993439170218,188.9,-2432.5162256956087,-82702.34172202821,2025-10-11T02:05:49.998Z
35.254565812998585,137.14010986609875,189.4,-2416.547927058188,-82698.90319252755,2025-10-11T02:05:50.998Z
35.25459717034857,137.1402843161171,189.9,-2400.672844808785,-82695.42882446742,2025-10-11T02:05:51.998Z
35.25462531064072,137.140449175265,190.4,-2385.670593938941,-82692.3110796223,2025-10-11T02:05:52.998Z
35.25465372483772,137.14061036972916,190.9,-2371.001814649409,-82689.16283691722,2025-10-11T02:05:53.998Z
35.254681948866434,137.14076776036484,191.6,-2356.67918169284,-82686.03557623463,2025-10-11T02:05:54.998Z
35.2547126642448,137.14093781817135,192.8,-2341.2038341863185,-82682.63221590412,2025-10-11T02:05:55.998Z
35.2547455445198,137.14111726011353,193.7,-2324.874524775678,-82678.98888789775,2025-10-11T02:05:56.998Z
35.25477702794932,137.1412977235087,194.4,-2308.452320831838,-82675.5005119869,2025-10-11T02:05:57.998Z
35.254809115155204,137.141481040757,194.8,-2291.770425727434,-82671.9451926792,2025-10-11T02:05:58.998Z
35.25484413089407,137.1416725713423,195.1,-2274.341088221381,-82668.06515642621,2025-10-11T02:05:59.998Z
35.254893214538484,137.1418571521046,195.3,-2257.543775481408,-82662.62431722577,2025-10-11T02:06:00.998Z
35.25495807638455,137.14203139663869,195.5,-2241.68659396241,-82655.43287183746,2025-10-11T02:06:01.998Z
35.255060437404,137.14218226707342,195.9,-2227.9553363080477,-82644.08093481677,2025-10-11T02:06:02.998Z
35.25516914948905,137.1423342750386,196.2,-2214.12043112984,-82632.02445197076,2025-10-11T02:06:03.998Z
35.25528490788788,137.1424878960836,196.7,-2200.1385908409557,-82619.18630655299,2025-10-11T02:06:04.998Z
35.25539459805332,137.14263346407816,197.2,-2186.8897367060367,-82607.02113629082,2025-10-11T02:06:05.998Z
35.255504582382336,137.14277942238783,198.0,-2173.605393916833,-82594.82332214761,2025-10-11T02:06:06.998Z
35.255587955454885,137.142969837196,198.7,-2156.2765048728443,-82585.57855259095,2025-10-11T02:06:07.998Z
35.255670188071846,137.14314138234604,199.7,-2140.6647109858536,-82576.45985839327,2025-10-11T02:06:08.998Z
35.25574906766961,137.1433059327778,200.2,-2125.689514422414,-82567.71295174271,2025-10-11T02:06:09.998Z
35.2558274769464,137.14346950207047,200.6,-2110.803636870836,-82559.01817396877,2025-10-11T02:06:10.998Z
35.25590656535956,137.14363448810607,200.6,-2095.7888554721835,-82550.24806204408,2025-10-11T02:06:11.997Z
35.25598545373255,137.1437990568407,200.7,-2080.812080182235,-82541.50010760005,2025-10-11T02:06:12.997Z
35.25606496273505,137.14396492026566,200.6,-2065.717509406247,-82532.68330614016,2025-10-11T02:06:13.997Z
35.25614375465536,137.14412928771742,200.8,-2050.759110284169,-82523.94599737076,2025-10-11T02:06:14.997Z
35.25622615806736,137.1442903750139,201.0,-2036.0991229200783,-82514.80795856846,2025-10-11T02:06:15.997Z
35.25632862254107,137.14442107733487,201.5,-2024.2035017366286,-82503.44381912665,2025-10-11T02:06:16.997Z
35.2564611159071,137.14450990304766,202.0,-2016.117660294416,-82488.74758331904,2025-10-11T02:06:17.997Z
35.25661900348343,137.1445639025017,202.7,-2011.2001699273699,-82471.23354872745,2025-10-11T02:06:18.997Z
35.25677356727817,137.1446236186342,203.5,-2005.7626028971556,-82454.08834757117,2025-10-11T02:06:19.997Z
35.256927138085146,137.14468690253756,204.4,-2000.0004393910071,-82437.05337090402,2025-10-11T02:06:20.997Z
35.257096287676205,137.14471034959985,205.4,-1997.862774521005,-82418.28936910388,2025-10-11T02:06:21.997Z
35.25724830483998,137.1447771428553,206.2,-1991.7813621684602,-82401.42680909812,2025-10-11T02:06:22.997Z
35.2574062083443,137.144861928159,207.1,-1984.062691559662,-82383.91160787712,2025-10-11T02:06:23.999Z
35.257555054504245,137.14495302251555,208.0,-1975.7701967243718,-82367.40129453347,2025-10-11T02:06:24.999Z
35.2577020258468,137.14505745998582,208.9,-1966.26366165803,-82351.09921897762,2025-10-11T02:06:25.999Z
35.257850696006535,137.1451657784704,209.7,-1956.403979673169,-82334.60875259129,2025-10-11T02:06:26.999Z
35.257993834239485,137.1452779978638,210.4,-1946.1895159458952,-82318.73203150145,2025-10-11T02:06:27.999Z
35.25813636003095,137.14539148157598,210.8,-1935.8600604663868,-82302.92326387357,2025-10-11T02:06:28.999Z
35.25828174798048,137.1455032965917,211.0,-1925.6824102905337,-82286.79694042951,2025-10-11T02:06:29.999Z
35.25842907455762,137.14561695489593,211.4,-1915.337027926225,-82270.45558056986,2025-10-11T02:06:30.999Z
35.25857682816034,137.14573094263753,212.0,-1904.9616971657106,-82254.06684304542,2025-10-11T02:06:31.999Z
35.25872986047637,137.14584900275648,212.9,-1894.2157323484678,-82237.09258096003,2025-10-11T02:06:32.999Z
35.25888066262659,137.14596534236642,213.5,-1883.6264096949176,-82220.36567475241,2025-10-11T02:06:33.999Z
35.25902744571841,137.14607518541555,214.1,-1873.6283437798884,-82204.08448427093,2025-10-11T02:06:34.999Z
35.25916557103333,137.14620038314794,214.7,-1862.2333847596435,-82188.76401440917,2025-10-11T02:06:35.999Z
35.25931596748058,137.14630436435257,215.4,-1852.7686801959433,-82172.08184526273,2025-10-11T02:06:36.999Z
35.25947116004883,137.14641886666402,216.1,-1842.346586840114,-82154.86780710124,2025-10-11T02:06:37.999Z
35.259626539103415,137.14654378799565,217.3,-1830.9765045285455,-82137.63326102323,2025-10-11T02:06:38.999Z
35.259775657414274,137.14667433781565,218.5,-1819.0944714943914,-82121.09333427073,2025-10-11T02:06:39.999Z
35.2599201433575,137.14680162547822,219.6,-1807.509406761066,-82105.06722031851,2025-10-11T02:06:40.999Z
35.26005321602544,137.1469180746351,220.0,-1796.9108231266912,-82090.3070181164,2025-10-11T02:06:41.999Z
35.2601486010856,137.1470390164608,220.4,-1785.904316743149,-82079.72773067554,2025-10-11T02:06:42.999Z
35.26018976139748,137.14720198047706,220.9,-1771.0754545361847,-82075.16456239097,2025-10-11T02:06:43.999Z
35.26017185524666,137.1473847662712,221.5,-1754.4443142895784,-82077.15421431881,2025-10-11T02:06:44.999Z
35.26012582762512,137.14757379719964,222.2,-1737.2455270791652,-82082.2635792994,2025-10-11T02:06:45.999Z
35.26008423071393,137.14776692268782,223.4,-1719.674065763354,-82086.88146489234,2025-10-11T02:06:46.999Z
35.26005072447339,137.14796276580736,224.7,-1701.8551419091975,-82090.60183036527,2025-10-11T02:06:47.999Z
35.26001366278902,137.14814946361338,225.9,-1684.8684031521273,-82094.71642593911,2025-10-11T02:06:48.999Z
35.25998361623393,137.14831875240773,227.2,-1669.4655405868857,-82098.05247872722,2025-10-11T02:06:49.999Z
35.259983328189875,137.14847402075256,228.2,-1655.3377741801135,-82098.08703336715,2025-10-11T02:06:50.999Z
35.26004591815757,137.14861370368487,229.0,-1642.6268461214079,-82091.14598293873,2025-10-11T02:06:51.999Z
35.26016911452671,137.1486887386242,229.8,-1635.7969922921818,-82077.48052508257,2025-10-11T02:06:52.999Z
35.26027701947484,137.14880096793107,230.6,-1625.5831844319837,-82065.5120140318,2025-10-11T02:06:53.999Z
35.26038600338867,137.14891431950127,231.5,-1615.26726867431,-82053.42381523414,2025-10-11T02:06:54.999Z
35.2605030079521,137.14903601299736,232.4,-1604.1922004776504,-82040.44597448043,2025-10-11T02:06:55.999Z
35.26062035320702,137.14916119272883,233.8,-1592.7999494823532,-82027.43038150153,2025-10-11T02:06:56.999Z
35.26072547768432,137.14929883578148,235.2,-1580.273949051781,-82015.77067539809,2025-10-11T02:06:57.999Z
35.260843931712685,137.14942252279127,236.5,-1569.0175626828495,-82002.63202722218,2025-10-11T02:06:58.999Z
35.26095521534446,137.149540725981,237.9,-1558.260309772476,-81990.28872138256,2025-10-11T02:06:59.999Z
35.26106239036009,137.14967086009372,238.7,-1546.4175913365307,-81978.40137480779,2025-10-11T02:07:00.999Z
35.26114802529068,137.14983398057012,239.3,-1531.573943914008,-81968.90405569134,2025-10-11T02:07:01.999Z
35.26120607336993,137.1500111905041,239.5,-1515.4488698103073,-81962.46725457383,2025-10-11T02:07:02.999Z
35.26122899654762,137.1501841892581,239.3,-1499.707632506107,-81959.92691640805,2025-10-11T02:07:03.999Z
35.2612163627627,137.1503681733873,239.1,-1482.9675148130807,-81961.33120079317,2025-10-11T02:07:04.999Z
35.261171630606135,137.15054749997668,239.5,-1466.6517506164964,-81966.29619481803,2025-10-11T02:07:05.999Z
35.261096337105826,137.1507181922374,240.1,-1451.122134567948,-81974.65133349075,2025-10-11T02:07:06.999Z
35.26099121096853,137.15087480416403,241.0,-1436.8741610844097,-81986.31570334881,2025-10-11T02:07:07.999Z
35.26087257490639,137.15101510041276,242.3,-1424.1109242864245,-81999.4785301227,2025-10-11T02:07:08.999Z
35.260761987612455,137.1511452163175,243.5,-1412.2738051780718,-82011.74830959206,2025-10-11T02:07:09.999Z
35.26068056811051,137.15128787702488,244.6,-1399.2947179239056,-82020.78254276155,2025-10-11T02:07:10.999Z
35.2606337804398,137.15146543640614,245.6,-1383.139631190164,-82025.97538743702,2025-10-11T02:07:11.999Z
35.2606172327161,137.151663447764,246.4,-1365.1231196596084,-82027.81383848758,2025-10-11T02:07:12.999Z
35.260615072111015,137.1518759196471,247.3,-1345.7906185449942,-82028.05642539116,2025-10-11T02:07:13.999Z
35.26060713445879,137.1520920523077,248.3,-1326.1251211812105,-82028.93989228303,2025-10-11T02:07:14.999Z
35.26059790808473,137.15229866458156,249.4,-1307.3258883262865,-82029.96615438678,2025-10-11T02:07:15.999Z
35.26058566377983,137.15251252933925,250.1,-1287.8668047799658,-82031.32726341546,2025-10-11T02:07:16.999Z
35.26057653454244,137.1527153506832,251.0,-1269.4124930226526,-82032.3426216055,2025-10-11T02:07:17.998Z
35.260569893471335,137.15291950374944,251.3,-1250.8369671651305,-82033.08193597685,2025-10-11T02:07:18.998Z
35.26056120976461,137.1531204549379,251.1,-1232.5528040453023,-82034.0477706524,2025-10-11T02:07:19.998Z
35.26053634502849,137.15330554035313,250.9,-1215.7124856377834,-82036.80840459562,2025-10-11T02:07:20.998Z
35.26047291889116,137.15346760597373,251.3,-1200.9672693622201,-82043.84650927379,2025-10-11T02:07:21.998Z
35.26037335398327,137.15360936350547,251.7,-1188.0703685132307,-82054.89337454528,2025-10-11T02:07:22.998Z
35.260245662444746,137.15373421058706,252.6,-1176.7125087596503,-82069.06022764592,2025-10-11T02:07:23.998Z
35.26010663154732,137.15384840144836,254.1,-1166.324377222884,-82084.48486427584,2025-10-11T02:07:24.998Z
35.25997955806751,137.1539821688228,255.5,-1154.1547852992232,-82098.58322927178,2025-10-11T02:07:25.998Z
35.259889555958544,137.15413595711166,257.0,-1140.1629424151201,-82108.56932312109,2025-10-11T02:07:26.998Z
35.25983867773215,137.15432018331347,258.5,-1123.400995256151,-82114.21556165189,2025-10-11T02:07:27.998Z
35.259824227354805,137.1545238875796,260.1,-1104.8662312703516,-82115.8208900544,2025-10-11T02:07:28.998Z
35.259835021442704,137.1547340260385,261.7,-1085.7456794792656,-82114.62577509056,2025-10-11T02:07:29.998Z
35.25985368952467,137.15495092284965,263.3,-1066.0100902634483,-82112.5571966502,2025-10-11T02:07:30.998Z
35.25987582282631,137.15517582542788,264.8,-1045.54602472941,-82110.10424790569,2025-10-11T02:07:31.998Z
35.259897922878835,137.15538575959627,266.4,-1026.4439386748586,-82107.65478654765,2025-10-11T02:07:32.998Z
35.259920566739126,137.1555920194229,268.0,-1007.6761826434903,-82105.14492057193,2025-10-11T02:07:33.998Z
35.25994018530108,137.15581275067535,269.6,-987.5917268864885,-82102.97076887969,2025-10-11T02:07:34.998Z
35.25997773360027,137.15603542112524,271.1,-967.330621313273,-82098.8075694811,2025-10-11T02:07:35.998Z
35.26003597228023,137.15624104925595,272.7,-948.6199629662829,-82092.34888997811,2025-10-11T02:07:36.998Z
35.260125170517064,137.15641695451484,274.2,-932.6134390347703,-82082.45541749509,2025-10-11T02:07:37.998Z
35.260201918006665,137.15659937242663,275.7,-916.0145096401378,-82073.94319097626,2025-10-11T02:07:38.998Z
35.26027083991226,137.15679546873494,277.2,-898.17111343023,-82066.29918304319,2025-10-11T02:07:39.998Z
35.26034677698992,137.1569903157999,278.7,-880.4413389592753,-82057.87690580069,2025-10-11T02:07:40.998Z
35.26041262690416,137.15718123389394,280.1,-863.0691972528949,-82050.57357146744,2025-10-11T02:07:41.998Z
35.26043656747459,137.15738642232947,281.4,-844.3990765913669,-82047.91950709312,2025-10-11T02:07:42.998Z
35.26046966668169,137.15757776268762,282.7,-826.9888946100414,-82044.2492822474,2025-10-11T02:07:43.998Z
35.26050522969178,137.15775169075474,283.9,-811.1630258885555,-82040.30556148932,2025-10-11T02:07:44.998Z
35.260573878990144,137.15790162206287,285.0,-797.5202823781891,-82032.69121752385,2025-10-11T02:07:45.998Z
35.26062566797073,137.15805048023992,286.1,-783.9753670070029,-82026.94723127945,2025-10-11T02:07:46.998Z
35.26067720017334,137.158189461143,287.2,-771.3291907844691,-82021.23163342757,2025-10-11T02:07:47.998Z
35.2607286572524,137.15832666262057,288.2,-758.8449386347206,-82015.52433799357,2025-10-11T02:07:48.998Z
35.260778906354204,137.15846064325692,289.1,-746.6537728601534,-82009.9510070959,2025-10-11T02:07:49.998Z
35.26081406575033,137.1585956405326,290.0,-734.3702558331888,-82006.05163261558,2025-10-11T02:07:50.998Z
35.260860125045355,137.15871272265966,290.9,-723.7167236337158,-82000.9429386445,2025-10-11T02:07:51.998Z
35.26086104657273,137.15883102650537,291.7,-712.9524366458389,-82000.84156593989,2025-10-11T02:07:52.998Z
35.26080395085271,137.15892897426875,292.5,-704.0408192203744,-82007.17613685827,2025-10-11T02:07:53.998Z
35.26071487480593,137.1589846663556,293.3,-698.9742461015363,-82017.05811611195,2025-10-11T02:07:54.998Z
35.260614859954586,137.1590272210515,294.0,-695.1031090587998,-82028.15348863894,2025-10-11T02:07:55.998Z
35.26053186194915,137.1590855635254,294.6,-689.7953073839009,-82037.36121797697,2025-10-11T02:07:56.998Z
35.260460141281406,137.1591538069786,295.3,-683.5865212570985,-82045.31796922276,2025-10-11T02:07:57.998Z
35.26039531929049,137.15922791193836,296.0,-676.8443345711274,-82052.50945650884,2025-10-11T02:07:58.998Z
35.26033384525795,137.15930988081507,296.7,-669.3865796552377,-82059.32958848076,2025-10-11T02:07:59.998Z
35.26028289255225,137.15940233573727,297.5,-660.9746125449471,-82064.98260856104,2025-10-11T02:08:00.998Z
35.26025608919202,137.15950455038669,298.2,-651.6744126552848,-82067.9566952678,2025-10-11T02:08:01.998Z
35.260257624293665,137.1596154641521,299.0,-641.5824584220751,-82067.78712253615,2025-10-11T02:08:02.998Z
35.26027732285646,137.15971524307102,299.7,-632.5035129103144,-82065.602517611,2025-10-11T02:08:03.998Z
35.26033287258087,137.15978711100334,300.5,-625.9638899971717,-82059.4406059735,2025-10-11T02:08:04.998Z
35.26038461797427,137.159869827801,301.3,-618.4371781707855,-82053.70078783121,2025-10-11T02:08:05.998Z
35.26043826729992,137.15995271288995,302.2,-610.8951489925387,-82047.74975309381,2025-10-11T02:08:06.998Z
35.26046991905617,137.16005716695184,303.0,-601.3907568145846,-82044.23912695122,2025-10-11T02:08:07.998Z
35.26049917068285,137.16016228468158,303.9,-591.8260031333547,-82040.99475133957,2025-10-11T02:08:08.998Z
35.26050420411947,137.16028166374892,304.8,-580.9638074323618,-82040.43707611397,2025-10-11T02:08:09.998Z
35.26049478021433,137.16040551935723,305.7,-569.6943991507935,-82041.48322801106,2025-10-11T02:08:10.997Z
35.26049158731699,137.16052774281076,306.7,-558.5734533570601,-82041.83812443129,2025-10-11T02:08:11.997Z
35.26048298903003,137.160661992253,307.6,-546.3583123712069,-82042.79271631173,2025-10-11T02:08:12.997Z
35.26047376349812,137.16079303384876,308.4,-534.4350511652376,-82043.81685735124,2025-10-11T02:08:13.997Z
35.260464101464905,137.160914592063,309.0,-523.3746720680447,-82044.88935562703,2025-10-11T02:08:14.997Z
35.26045580636385,137.16103664121275,309.5,-512.2696120796547,-82045.81020328373,2025-10-11T02:08:15.997Z
35.260464780454605,137.16115883288094,310.1,-501.1514759196308,-82044.81529303353,2025-10-11T02:08:16.997Z
35.26051596267834,137.16125258806673,310.4,-492.62048941120554,-82039.13790040459,2025-10-11T02:08:17.997Z
35.26053666070699,137.1613626372231,310.6,-482.60712653058584,-82036.84232061809,2025-10-11T02:08:18.997Z
35.26056212331898,137.16147164866845,310.7,-472.68816110658446,-82034.0181692567,2025-10-11T02:08:19.997Z
35.260571614656435,137.16157963913057,310.5,-462.8621906541547,-82032.96576374208,2025-10-11T02:08:20.997Z
35.26054966033436,137.16168713370078,310.0,-453.08151808145783,-82035.40174622157,2025-10-11T02:08:21.997Z
35.260486777741,137.16175735422766,309.3,-446.6925846362819,-82042.37789838984,2025-10-11T02:08:22.997Z
35.26040418261907,137.16178402956635,308.6,-444.2658775957178,-82051.54064661611,2025-10-11T02:08:23.997Z
35.26031063266321,137.16177076051653,307.8,-445.47372604769976,-82061.91848184502,2025-10-11T02:08:24.997Z
35.26022791908089,137.16174734207644,307.0,-447.6050018760201,-82071.09414602282,2025-10-11T02:08:25.997Z
35.260140904896296,137.16173300142054,306.6,-448.91032533946805,-82080.74693476311,2025-10-11T02:08:26.997Z
35.260056021463086,137.16171648608173,306.4,-450.4135127016506,-82090.16334000349,2025-10-11T02:08:27.997Z
35.259974473480256,137.16169875207046,306.6,-452.02757095841747,-82099.20972363118,2025-10-11T02:08:29.000Z
35.25990372740866,137.1616461799198,307.1,-456.8114764265966,-82107.05764516641,2025-10-11T02:08:30.000Z
35.25985177643268,137.16156509352084,307.9,-464.1897819091955,-82112.82041132875,2025-10-11T02:08:31.000Z
35.259795525149585,137.16147487858566,308.7,-472.39872358453385,-82119.06017932725,2025-10-11T02:08:32.000Z
35.259727417086665,137.16140912388877,309.5,-478.38211742640226,-82126.61538088518,2025-10-11T02:08:33.000Z
35.259642894076265,137.1613722615147,310.3,-481.73671310364927,-82135.99169877847,2025-10-11T02:08:34.000Z
35.25954760888285,137.1613718476188,310.9,-481.7749373049372,-82146.56208742941,2025-10-11T02:08:35.000Z
35.25945828510669,137.16137922398792,311.5,-481.10429027083154,-82156.47118841708,2025-10-11T02:08:36.000Z
35.25936622482811,137.16137248126668,312.1,-481.718355079573,-82166.68379258191,2025-10-11T02:08:37.000Z
35.25927863013594,137.16134799572984,312.7,-483.9468167714141,-82176.40092376638,2025-10-11T02:08:38.000Z
35.25918589975251,137.16132615183648,313.2,-485.9349500443601,-82186.68779117207,2025-10-11T02:08:39.000Z
35.259094746112545,137.16134139372474,314.0,-484.5486288854082,-82196.79992483935,2025-10-11T02:08:40.000Z
35.259032729650826,137.16140516190893,314.7,-478.7467020301562,-82203.67998282787,2025-10-11T02:08:41.000Z
35.2590018614081,137.1615004128625,315.4,-470.07995283968717,-82207.1047828812,2025-10-11T02:08:42.000Z
35.25902979454245,137.1615973811915,316.1,-461.2565990247019,-82204.00649706011,2025-10-11T02:08:43.000Z
35.25903351735421,137.16168925265637,316.8,-452.89715178891953,-82203.5939328856,2025-10-11T02:08:43.999Z
35.25904770362574,137.16177503643684,317.5,-445.09156924263846,-82202.0205778241,2025-10-11T02:08:44.999Z
35.2590469892214,137.1618641545615,318.2,-436.98267601739803,-82202.100225725,2025-10-11T02:08:45.999Z
35.259036534383775,137.16196853874123,318.9,-427.4847687609312,-82203.26047968272,2025-10-11T02:08:46.999Z
35.2590368148316,137.16207338132398,319.7,-417.94509365216146,-82203.22981494333,2025-10-11T02:08:47.999Z
35.25904340877262,137.16217382786135,320.4,-408.8053850431741,-82202.49873951443,2025-10-11T02:08:48.999Z
35.25907031994013,137.16226678077243,321.1,-400.34742630717875,-82199.51374872401,2025-10-11T02:08:49.999Z
35.25913566333848,137.16232395405123,321.9,-395.144888994612,-82192.26515810052,2025-10-11T02:08:50.999Z
35.259195374424934,137.16239336137025,322.6,-388.82920837163977,-82185.64142860779,2025-10-11T02:08:51.999Z
35.25924344425399,137.16248534176944,323.2,-380.45966223476455,-82180.30919537962,2025-10-11T02:08:52.999Z
35.259287220354345,137.16257118390587,323.7,-372.64866717312714,-82175.45325283645,2025-10-11T02:08:53.999Z
35.25931605226193,137.16266769173333,324.3,-363.86727479915817,-82172.25516527056,2025-10-11T02:08:54.999Z
35.259324132829725,137.16277847317815,324.8,-353.78722089975736,-82171.3591541651,2025-10-11T02:08:55.999Z
35.25932380085885,137.16289784683454,325.5,-342.9253980902759,-82171.39640008137,2025-10-11T02:08:56.999Z
35.25932224322669,137.1630137436907,326.3,-332.37993469472576,-82171.56958909564,2025-10-11T02:08:57.999Z
35.259319749762426,137.1631362809171,327.1,-321.23026642965584,-82171.84660312739,2025-10-11T02:08:58.999Z
35.25931717104329,137.16325892842252,327.7,-310.07056350188594,-82172.13306142029,2025-10-11T02:08:59.999Z
35.259314006897085,137.16339202348342,328.3,-297.9602374967198,-82172.4844812436,2025-10-11T02:09:00.999Z
35.25930520332319,137.16352955118506,328.4,-285.44660371284505,-82173.4615031881,2025-10-11T02:09:01.999Z
35.25929361400378,137.16365467832773,328.5,-274.0613054270154,-82174.74750817024,2025-10-11T02:09:02.999Z
35.25926964834817,137.16377909128877,328.3,-262.74102735200756,-82177.40645630003,2025-10-11T02:09:03.999Z
35.259231741614045,137.1638977538684,328.2,-251.94401420162367,-82181.61191852723,2025-10-11T02:09:04.999Z
35.25918120478201,137.16400994986358,328.3,-241.73542478466274,-82187.21846232342,2025-10-11T02:09:05.999Z
35.259118210584155,137.16411216990377,328.8,-232.43457383401415,-82194.20691953434,2025-10-11T02:09:06.999Z
35.25905744018749,137.16420747242896,329.5,-223.76313002582245,-82200.94865584311,2025-10-11T02:09:07.999Z
35.25899545920229,137.16431022120085,330.4,-214.4141387997785,-82207.82469557738,2025-10-11T02:09:08.999Z
35.258943355825174,137.16442922143244,331.3,-203.58637914878395,-82213.60499417705,2025-10-11T02:09:09.999Z
35.258914586862794,137.1645553103726,332.1,-192.11354464843328,-82216.79670818691,2025-10-11T02:09:10.999Z
35.25891303627472,137.16467605270907,332.9,-181.12713225150813,-82216.96894850633,2025-10-11T02:09:11.999Z
35.25897509112535,137.16475780119094,333.5,-173.6886575128238,-82210.08508758941,2025-10-11T02:09:12.999Z
35.25904489830874,137.16481696329964,334.1,-168.30532230675362,-82202.34118333564,2025-10-11T02:09:13.999Z
35.25912394094108,137.16484217086222,334.8,-166.01151392141838,-82193.57269207477,2025-10-11T02:09:14.999Z
35.25920684591472,137.1648603810211,335.5,-164.35439779392775,-82184.37572267855,2025-10-11T02:09:15.999Z
35.25929668941234,137.16488094808403,336.1,-162.48281610255407,-82174.40903685692,2025-10-11T02:09:16.999Z
35.25938740123645,137.16490207953223,337.0,-160.55988338190787,-82164.34602427503,2025-10-11T02:09:17.999Z
35.2594693334168,137.1649228784313,337.9,-158.6672306858834,-82155.25697370221,2025-10-11T02:09:18.999Z
35.25955546357088,137.16501181347945,338.8,-150.57487444748307,-82145.70232907927,2025-10-11T02:09:19.999Z
35.259635551981226,137.16508435660768,339.7,-143.97404308500145,-82136.81788967739,2025-10-11T02:09:20.999Z
35.25961738037851,137.16524750148966,340.7,-129.1295551021699,-82138.83396710877,2025-10-11T02:09:21.999Z
35.25965810733874,137.1653598482456,341.5,-118.90708680371971,-82134.31609302283,2025-10-11T02:09:22.999Z
35.259696453761165,137.16547532293345,342.3,-108.40002228965874,-82130.06229391553,2025-10-11T02:09:23.999Z
35.25973377610908,137.1655891436725,342.8,-98.04346116174887,-82125.92208585524,2025-10-11T02:09:24.999Z
35.259772949043985,137.16569985399263,343.1,-87.96992339038104,-82121.5765696713,2025-10-11T02:09:25.999Z
35.25980872639334,137.16580282313046,343.4,-78.6007655329793,-82117.60772283908,2025-10-11T02:09:26.999Z
35.25984684273687,137.16591130074917,343.7,-68.73039976175889,-82113.37939553692,2025-10-11T02:09:27.999Z
35.259889666391544,137.16601237138056,343.9,-59.53399786973808,-82108.62885098775,2025-10-11T02:09:28.998Z
35.25995972189383,137.16608841868228,344.5,-52.614446991717294,-82100.85733952877,2025-10-11T02:09:29.998Z
35.26003247519336,137.1661269292709,345.2,-49.110347096203434,-82092.7865266373,2025-10-11T02:09:30.998Z
35.26010364340017,137.1661278405635,345.9,-49.027386325782786,-82084.89153543636,2025-10-11T02:09:31.998Z
35.260175381371674,137.1661217382057,346.7,-49.58259162856581,-82076.93333424203,2025-10-11T02:09:32.998Z
35.260262668569375,137.16610165495328,347.5,-51.409895091507224,-82067.25018396605,2025-10-11T02:09:33.998Z
35.260348339037016,137.1660734534284,348.4,-53.97586904293066,-82057.7463795388,2025-10-11T02:09:34.998Z
35.26044107436655,137.16604284180477,349.3,-56.761124871318856,-82047.45883767014,2025-10-11T02:09:35.998Z
35.26053786160378,137.1660321415126,350.2,-57.73466381616086,-82036.72181117049,2025-10-11T02:09:36.998Z
35.26063930742405,137.16603335104898,351.1,-57.6245377743948,-82025.46799490995,2025-10-11T02:09:37.998Z
35.26073914520242,137.16606965403406,352.1,-54.321311281375614,-82014.39258517449,2025-10-11T02:09:38.998Z
35.2608353730313,137.16611954242634,353.0,-49.78198016969179,-82003.71764803583,2025-10-11T02:09:39.998Z
35.2609133973041,137.16621338962312,354.0,-41.24293077232072,-81995.06212572698,2025-10-11T02:09:40.998Z
35.26100257039918,137.16626878029243,355.0,-36.20298545265181,-81985.1697954533,2025-10-11T02:09:41.998Z
35.2610576566977,137.16639768144472,356.0,-24.474478447132505,-81979.05887666774,2025-10-11T02:09:42.998Z
35.26112216662826,137.16650666046144,357.0,-14.558663457361654,-81971.902536118,2025-10-11T02:09:43.998Z
35.261189459434405,137.16661468260597,358.0,-4.729927950282043,-81964.43746828701,2025-10-11T02:09:44.998Z
35.26126444597652,137.16671570521234,359.0,4.46191713384712,-81956.11889101306,2025-10-11T02:09:45.998Z
35.26136499808436,137.16678258079185,359.9,10.546776567084299,-81944.96421097928,2025-10-11T02:09:46.998Z
35.26146073948857,137.1668477532748,360.8,16.47666104555654,-81934.34319886623,2025-10-11T02:09:47.998Z
35.26156191495303,137.1668964094643,361.7,20.903751745910917,-81923.11936274686,2025-10-11T02:09:48.998Z
35.2616595386811,137.1669337109194,362.6,24.297693456516836,-81912.28953642449,2025-10-11T02:09:49.998Z
35.261758132169625,137.16697118797825,363.4,27.7076044254976,-81901.35212892373,2025-10-11T02:09:50.998Z
35.2618506087526,137.16699808107526,364.1,30.15450332521273,-81891.09329775411,2025-10-11T02:09:51.998Z
35.26194353874805,137.16701099826287,364.9,31.32976762464875,-81880.78417127728,2025-10-11T02:09:52.998Z
35.262017639194845,137.16698218923565,365.6,28.708488784277996,-81872.5638998946,2025-10-11T02:09:53.998Z
35.26209827751692,137.1669439136458,366.4,25.225878233458683,-81863.6183555616,2025-10-11T02:09:54.998Z
35.2621402926969,137.16686027448367,367.1,17.61579047023355,-81858.95744954857,2025-10-11T02:09:55.998Z
35.26216508041626,137.1667692880646,367.9,9.337208167533902,-81856.20765389659,2025-10-11T02:09:56.998Z
35.2621801533793,137.16666707831374,368.7,0.03745447612116168,-81854.53555029022,2025-10-11T02:09:57.998Z
35.2621391574584,137.16656288677598,371.2,-9.442618960728083,-81859.08339866898,2025-10-11T02:09:58.998Z
35.26208163095038,137.1664811563399,373.7,-16.879036515000273,-81865.46505001502,2025-10-11T02:09:59.998Z
35.26201413768511,137.16642054525275,376.2,-22.39387880928648,-81872.95235524458,2025-10-11T02:10:00.998Z
35.26194149650657,137.1663892678288,378.8,-25.23974407971631,-81881.0107449507,2025-10-11T02:10:01.998Z
35.263020864181534,137.16653621755307,381.4,-11.869042468742284,-81761.2718810178,2025-10-11T02:10:35.000Z
35.26309367481266,137.16646804776366,382.2,-18.07152244494626,-81753.1946739769,2025-10-11T02:10:36.000Z
35.26316356590372,137.1664123824921,382.9,-23.13625818509689,-81745.44134271803,2025-10-11T02:10:37.000Z
35.2632015428165,137.16630185227393,383.7,-33.192926982204526,-81741.2283688389,2025-10-11T02:10:38.000Z
35.26325404115614,137.16622418237202,384.5,-40.25975866116467,-81735.40447310939,2025-10-11T02:10:39.000Z
35.2633036429439,137.16613085401335,385.4,-48.75127823225821,-81729.90189120444,2025-10-11T02:10:40.000Z
35.26335348202896,137.1660432486559,386.2,-56.72207645076405,-81724.37298014213,2025-10-11T02:10:41.000Z
35.26340413803692,137.16595420748055,387.0,-64.82350296679765,-81718.75343628088,2025-10-11T02:10:42.000Z
35.26349748933636,137.1658950492619,387.8,-70.2059665093739,-81708.39753383912,2025-10-11T02:10:43.000Z
35.2635844900602,137.1658971713861,388.6,-70.01280922300079,-81698.74616973365,2025-10-11T02:10:44.000Z
35.26365778400027,137.16595924075776,389.4,-64.36534681016893,-81690.61539869626,2025-10-11T02:10:45.000Z
35.26373846284142,137.16601390166832,390.1,-59.39194950330108,-81681.66538065978,2025-10-11T02:10:46.000Z
35.26381112415678,137.1660794700439,390.8,-53.426150490730905,-81673.60478445243,2025-10-11T02:10:47.000Z
35.26386944621727,137.16615514349763,391.6,-46.54095948380646,-81667.13490448336,2025-10-11T02:10:48.000Z
35.26391666104252,137.16622394523833,392.3,-40.281006522773765,-81661.89719003029,2025-10-11T02:10:49.000Z
35.2639140300084,137.16630747139232,393.0,-32.6813809608608,-81662.18909271843,2025-10-11T02:10:50.000Z
35.263862037058566,137.16640565313975,393.8,-23.74833014273972,-81667.95692317876,2025-10-11T02:10:50.999Z
35.263790933672446,137.16646328181596,394.5,-18.504998030215802,-81675.84474117158,2025-10-11T02:10:51.999Z
35.26375686415929,137.16656254948538,395.3,-9.473119740341312,-81679.62423337648,2025-10-11T02:10:52.999Z
35.26373347085561,137.16665864606446,396.0,-0.7297561167290044,-81682.21935849663,2025-10-11T02:10:53.999Z
35.26374738992048,137.1667522971754,396.6,7.791107494693109,-81680.67525320264,2025-10-11T02:10:54.999Z
35.26374574807505,137.1668594539302,397.3,17.540784812350907,-81680.85737652871,2025-10-11T02:10:55.999Z
35.26375498798798,137.16695918334628,397.9,26.614681168588135,-81679.83233090572,2025-10-11T02:10:56.999Z
35.26378069889793,137.1670148672451,398.6,31.681080422564794,-81676.98009228926,2025-10-11T02:10:57.999Z
35.26383222411948,137.16706386821568,399.3,36.13941800697803,-81671.26416019554,2025-10-11T02:10:58.999Z
35.26390587148205,137.16707049518763,400.1,36.74234039046173,-81663.094137684,2025-10-11T02:10:59.999Z
35.26399064489741,137.16704922522894,401.0,34.80705681784062,-81653.6898640525,2025-10-11T02:11:00.999Z
35.26408962667943,137.16705650725237,401.8,35.46956793889175,-81642.70938449376,2025-10-11T02:11:01.999Z
35.26418302023613,137.16710383818696,402.6,39.775917945588525,-81632.34881539697,2025-10-11T02:11:02.999Z
35.26425891985546,137.16716387400226,403.4,45.23821617824115,-81623.92891654221,2025-10-11T02:11:03.999Z
35.26432698221564,137.16723030821217,404.3,51.28266406696735,-81616.37843206848,2025-10-11T02:11:04.999Z
35.264345610821444,137.16734499153915,405.1,61.71705915642389,-81614.31181490044,2025-10-11T02:11:05.999Z
35.26435046795292,137.16745148687363,406.0,71.40648119586187,-81613.77292085254,2025-10-11T02:11:06.999Z
35.26432857073927,137.16757294689307,406.8,82.45748361875003,-81616.20197938761,2025-10-11T02:11:07.999Z
35.26430440510044,137.16769326912416,407.7,93.40497342093899,-81618.8826716817,2025-10-11T02:11:08.999Z
35.26429184340232,137.16779641689664,408.6,102.78984403423675,-81620.2760932585,2025-10-11T02:11:09.999Z
35.26430656959289,137.1679164887791,409.6,113.71451260643241,-81618.64232222964,2025-10-11T02:11:10.999Z
35.26432063954395,137.1680453566263,410.5,125.4394750588659,-81617.08132638587,2025-10-11T02:11:11.999Z
35.264375674428095,137.16816357225773,411.4,136.19517809777423,-81610.97591262581,2025-10-11T02:11:12.999Z
35.26442637054887,137.16827112444602,412.2,145.98066719322517,-81605.35181954481,2025-10-11T02:11:13.999Z
35.26446342421532,137.1683838151111,413.1,156.2336913464869,-81601.24112427514,2025-10-11T02:11:14.999Z
35.26451351490766,137.16848054674813,413.9,165.0346580709275,-81595.6841902419,2025-10-11T02:11:15.999Z
35.26456145125537,137.168581434028,414.8,174.21371671071913,-81590.36623107974,2025-10-11T02:11:16.999Z
35.26459293542287,137.16869227138002,415.6,184.29810133910348,-81586.87335575443,2025-10-11T02:11:17.999Z
35.264582346153105,137.16880904315505,416.4,194.92251767349984,-81588.04784622327,2025-10-11T02:11:18.999Z
35.26453121453975,137.16891001624563,417.3,204.1096068025542,-81593.71989462132,2025-10-11T02:11:19.999Z
35.264473932967405,137.1689863375955,418.0,211.05380046462113,-81600.07422791402,2025-10-11T02:11:20.999Z
35.264393760004786,137.16904650466677,418.8,216.5282768863806,-81608.9680322129,2025-10-11T02:11:21.999Z
35.26430134000026,137.16907530285442,419.6,219.14871329900424,-81619.22052016003,2025-10-11T02:11:22.999Z
35.26420752327126,137.16909862088,420.4,221.27054873295057,-81629.62796410866,2025-10-11T02:11:23.999Z
35.264147589006285,137.16915709453102,421.1,226.59092136071263,-81636.27659943039,2025-10-11T02:11:24.999Z
35.26411158387732,137.16924598110134,421.9,234.67834629610678,-81640.27059752372,2025-10-11T02:11:25.999Z
35.26408864281694,137.1693498420817,422.7,244.1281831494886,-81642.8152980029,2025-10-11T02:11:26.999Z
35.264072964004534,137.16945577368696,423.6,253.76639814050927,-81644.55435072062,2025-10-11T02:11:27.999Z
35.26405355003336,137.16956365183228,424.5,263.5817345672051,-81646.70774528995,2025-10-11T02:11:28.999Z
35.2640386832753,137.16967960737833,425.4,274.13198155870805,-81648.35666489182,2025-10-11T02:11:29.999Z
35.26402562086849,137.16979694297672,426.3,284.8077899800105,-81649.80540371934,2025-10-11T02:11:30.999Z
35.26401114386286,137.16992142857114,427.3,296.13414855462355,-81651.4110361682,2025-10-11T02:11:31.999Z
35.26400457684555,137.17004932409822,428.2,307.7707336455901,-81652.13915464435,2025-10-11T02:11:32.998Z
35.26401637443552,137.17018455005189,429.2,320.07420654963175,-81650.82996923794,2025-10-11T02:11:33.998Z
35.26404775909429,137.17031757942456,430.1,332.1777403186436,-81647.34789620187,2025-10-11T02:11:34.998Z
35.26409273398165,137.1704365872127,430.9,343.00545624049914,-81642.35823265392,2025-10-11T02:11:35.998Z
35.26414031826365,137.1705449356469,431.8,352.86331026350945,-81637.07912260336,2025-10-11T02:11:36.998Z
35.26418113153257,137.17065276515964,432.6,362.6739690262473,-81632.5511414163,2025-10-11T02:11:37.998Z
35.26419690512974,137.17076172297573,433.5,372.58739085660204,-81630.80090441718,2025-10-11T02:11:38.998Z
35.2641984357504,137.17086962062768,434.4,382.4044170871245,-81630.63069561515,2025-10-11T02:11:39.998Z
35.2641947050856,137.17099350951403,435.3,393.6764256993783,-81631.04406997713,2025-10-11T02:11:40.998Z
35.26417332201397,137.17111243278265,436.2,404.49672789176884,-81633.41570837032,2025-10-11T02:11:41.998Z
35.26415994299012,137.17123334798166,437.1,415.4982301629844,-81634.89940180897,2025-10-11T02:11:42.998Z
35.264151992334966,137.17135455165908,438.0,426.5259547385212,-81635.78088818335,2025-10-11T02:11:43.998Z
35.264135445604225,137.17148001131008,439.0,437.9409563719177,-81637.61594215623,2025-10-11T02:11:44.998Z
35.26411556473997,137.1716060037341,440.0,449.4044552825945,-81639.82084913245,2025-10-11T02:11:45.998Z
35.26409755058107,137.17173940878973,441.0,461.54238597052256,-81641.81862539992,2025-10-11T02:11:46.998Z
35.26408948773678,137.17187780703665,442.0,474.13456863225764,-81642.71241914379,2025-10-11T02:11:47.998Z
35.2640883054507,137.17201889263887,443.0,486.9712211375954,-81642.8428920676,2025-10-11T02:11:48.998Z
35.26410134118947,137.17215756654645,443.9,499.5883591815667,-81641.39609190583,2025-10-11T02:11:49.998Z
35.264131000886906,137.1722841913553,444.8,511.1091042809372,-81638.10516860586,2025-10-11T02:11:50.998Z
35.26416053905114,137.1724075987757,445.7,522.3371085745463,-81634.8277297304,2025-10-11T02:11:51.998Z
35.26418704444328,137.17253055890438,446.6,533.5244279019015,-81631.8867178092,2025-10-11T02:11:52.998Z
35.264195194612654,137.1726510195067,447.5,544.4844441690773,-81630.98193000072,2025-10-11T02:11:53.998Z
35.26418252980735,137.17276249188708,448.4,554.6268096370355,-81632.38627434481,2025-10-11T02:11:54.998Z
35.264152188714085,137.1728750666323,449.3,564.8695992837424,-81635.75150810064,2025-10-11T02:11:55.998Z
35.2640953679192,137.17297753902506,450.2,574.1934232054917,-81642.05429653283,2025-10-11T02:11:56.998Z
35.2640204002082,137.17308312902622,451.2,583.8010454642637,-81650.3701727974,2025-10-11T02:11:57.998Z
35.263944697375685,137.17318257955662,452.1,592.8500912608259,-81658.76762563993,2025-10-11T02:11:58.998Z
35.263889173343294,137.1732819050322,453.0,601.8876265520621,-81664.92654859117,2025-10-11T02:11:59.998Z
35.263857951315146,137.17340142466256,453.8,612.7623581458241,-81668.38941163113,2025-10-11T02:12:00.998Z
35.26385857526169,137.17352097664627,454.6,623.6397977564022,-81668.31944981778,2025-10-11T02:12:01.998Z
35.26390714611339,137.1736259615462,455.4,633.1914772356996,-81662.93061060277,2025-10-11T02:12:02.998Z
35.26394853801389,137.1737335493264,456.1,642.980024959628,-81658.33813645803,2025-10-11T02:12:03.998Z
35.26402664803664,137.1737624247896,456.8,645.6066382203205,-81649.67286654764,2025-10-11T02:12:04.998Z
35.26410611333421,137.1737779397749,457.4,647.0176354723505,-81640.85733645524,2025-10-11T02:12:05.998Z
35.26418211587735,137.1737844027051,458.1,647.6050590555745,-81632.42600345984,2025-10-11T02:12:06.998Z
35.2642332604958,137.17375740028422,458.8,645.1478465707205,-81626.7524855381,2025-10-11T02:12:07.998Z
35.264305122878135,137.17372071103514,459.7,641.8091217833219,-81618.78071837623,2025-10-11T02:12:08.998Z
35.26434154374028,137.17363977554749,460.6,634.4449581551513,-81614.74091492122,2025-10-11T02:12:09.998Z
35.264407118109425,137.17354822018348,461.6,626.1143329453919,-81607.46704773064,2025-10-11T02:12:10.998Z
35.264485509049145,137.17344349253426,462.5,616.5851519561248,-81598.7714570097,2025-10-11T02:12:11.998Z
35.264581763385635,137.17336161228067,463.5,609.134609262089,-81588.0940521156,2025-10-11T02:12:12.998Z
35.26467953826683,137.17331561288722,464.0,604.9486622003552,-81577.24774215349,2025-10-11T02:12:13.998Z
35.26478186258351,137.17331874675045,464.1,605.2330331635086,-81565.89644292106,2025-10-11T02:12:14.998Z
35.2648767847962,137.17335464862123,463.8,608.4988202836562,-81555.36609056704,2025-10-11T02:12:15.998Z
35.2649655639723,137.17339153533715,463.3,611.8542509315575,-81545.51720450638,2025-10-11T02:12:16.998Z
35.26503726899367,137.1735068379598,462.6,622.3443759055662,-81537.56193821976,2025-10-11T02:12:17.998Z
35.26509410758466,137.17361813761232,462.3,632.4703930414752,-81531.25588285373,2025-10-11T02:12:18.998Z
35.2651221440567,137.17374476095122,462.3,643.9908283012605,-81528.14486089144,2025-10-11T02:12:19.998Z
35.26514222259298,137.17389368790666,462.8,657.5405835822881,-81525.91648503942,2025-10-11T02:12:20.998Z
35.26517011313244,137.17405306271604,463.7,672.0408510582835,-81522.82139869286,2025-10-11T02:12:21.997Z
35.26518805200844,137.17421763559597,464.7,687.0141315724718,-81520.8302343345,2025-10-11T02:12:22.997Z
35.265219259365104,137.1743922105571,465.8,702.8973157855523,-81517.3670441282,2025-10-11T02:12:23.997Z
35.26524908028791,137.1745664014356,467.1,718.745554882024,-81514.05763187422,2025-10-11T02:12:24.997Z
35.26527670455237,137.17473456892503,468.3,734.045773326851,-81510.99192121509,2025-10-11T02:12:25.997Z
35.265301140631735,137.17490157607034,469.4,749.2404386346522,-81508.27987260207,2025-10-11T02:12:26.997Z
35.265326955905046,137.1750641719595,470.6,764.0337307059024,-81505.41483239966,2025-10-11T02:12:27.997Z
35.265354189045155,137.17522789149305,471.3,778.9292328004044,-81502.39246899767,2025-10-11T02:12:28.997Z
35.265355667870566,137.17537858181626,471.6,792.6395344479753,-81502.2272232572,2025-10-11T02:12:29.997Z
35.265325002187815,137.17552785206763,471.4,806.2209510734167,-81505.62789827157,2025-10-11T02:12:30.997Z
35.265280745379705,137.17566490644998,471.0,818.6910726846315,-81510.5363762969,2025-10-11T02:12:31.997Z
35.26521916375371,137.17577599941828,470.7,828.7993234674121,-81517.36697152583,2025-10-11T02:12:32.997Z
35.265142548677495,137.17584392255847,470.8,834.9799970924624,-81525.86564539393,2025-10-11T02:12:33.997Z
35.26503134641467,137.17594483542243,471.3,844.162568529092,-81538.20094158668,2025-10-11T02:12:34.997Z
35.26492243183924,137.17603752958905,472.2,852.5973721759949,-81550.28251576882,2025-10-11T02:12:35.997Z
35.26481705043815,137.17613875635166,473.4,861.8084906235047,-81561.97205743536,2025-10-11T02:12:36.997Z
35.264714466573295,137.1762385249321,474.5,870.8869315848292,-81573.35125947931,2025-10-11T02:12:37.997Z
35.26461359679868,137.17633046433227,475.6,879.2530450698553,-81584.5403701429,2025-10-11T02:12:38.997Z
35.264510306920975,137.17642767542077,476.7,888.0988467152821,-81595.99789822666,2025-10-11T02:12:40.000Z
35.26440920969229,137.17651844715394,477.7,896.3587654804776,-81607.21223558266,2025-10-11T02:12:41.000Z
35.26431128068557,137.17660767100534,478.8,904.477836216468,-81618.07511473121,2025-10-11T02:12:42.000Z
35.264248937005554,137.17671516449786,479.8,914.2587839035671,-81624.9901839766,2025-10-11T02:12:43.000Z
35.264218045001904,137.1768576074573,480.8,927.2192547888985,-81628.4158460387,2025-10-11T02:12:44.000Z
35.26420835620413,137.1770063845947,481.9,940.7558036763961,-81629.48926609104,2025-10-11T02:12:45.000Z
35.26420639181719,137.17714675054833,482.9,953.5269764368273,-81629.70584438273,2025-10-11T02:12:46.000Z
35.26421003322028,137.17727846118285,484.3,965.5105819413341,-81629.30061431152,2025-10-11T02:12:47.000Z
35.2642087867412,137.1774191954521,485.7,978.3152574847098,-81629.43751333492,2025-10-11T02:12:48.000Z
35.26420322178806,137.17756023917198,486.7,991.1481412740469,-81630.05345812158,2025-10-11T02:12:49.000Z
35.264192535653955,137.17769110289817,487.6,1003.0548664592066,-81631.2376023702,2025-10-11T02:12:50.000Z
35.264050432541,137.17845515855453,488.4,1072.5741031813895,-81646.99372510712,2025-10-11T02:12:55.999Z
35.26402040893345,137.17858395201367,488.5,1084.2927560727342,-81650.32297411871,2025-10-11T02:12:56.999Z
35.2639903981696,137.17872274376157,488.9,1096.9211108642396,-81653.65067263362,2025-10-11T02:12:57.999Z
35.26396261850283,137.17887216484056,489.5,1110.5165536410523,-81656.73072933516,2025-10-11T02:12:58.999Z
35.263952408460604,137.17902341738716,490.3,1124.2783990496666,-81657.86167042168,2025-10-11T02:12:59.999Z
35.263993480446764,137.17917118697778,491.3,1137.722634459715,-81653.30369338533,2025-10-11T02:13:00.999Z
35.264025395603035,137.17932660919766,492.6,1151.863259313006,-81649.76141423335,2025-10-11T02:13:01.999Z
35.26410439636454,137.17946392173235,493.8,1164.3554927421228,-81640.9959157219,2025-10-11T02:13:02.999Z
35.26422263928846,137.17956604792863,495.1,1173.6457177413133,-81627.87751362336,2025-10-11T02:13:03.999Z
35.26431035852543,137.1797082152357,496.0,1186.5794819970267,-81618.14474841378,2025-10-11T02:13:04.999Z
35.264411107604815,137.17982536405992,496.5,1197.236733640828,-81606.96680979464,2025-10-11T02:13:05.999Z
35.264500543778176,137.17995060789534,496.4,1208.630646053549,-81597.04374952379,2025-10-11T02:13:06.999Z
35.26456463796829,137.18010263777413,496.1,1222.462021899726,-81589.93164112128,2025-10-11T02:13:07.999Z
35.26460511397232,137.1802660966961,495.5,1237.3335973497788,-81585.43943676796,2025-10-11T02:13:08.999Z
35.26463913822459,137.1804384891071,495.0,1253.0180635076404,-81581.66281591952,2025-10-11T02:13:09.999Z
35.26466350142217,137.18060719905338,494.9,1268.3676211874529,-81578.95795755475,2025-10-11T02:13:10.999Z
35.26468163937981,137.18076090020992,495.1,1282.3517060428965,-81576.94385998798,2025-10-11T02:13:11.999Z
35.26470090440424,137.18089852479488,495.4,1294.8730540294225,-81574.80492023536,2025-10-11T02:13:12.999Z
35.26471661228814,137.18102880671285,495.9,1306.7263872743656,-81573.06066884554,2025-10-11T02:13:13.999Z
35.26473249436472,137.18114918611158,496.4,1317.6787414938299,-81571.29720946924,2025-10-11T02:13:14.999Z
35.26474717051716,137.18126522345182,497.0,1328.2360529847228,-81569.66757332055,2025-10-11T02:13:15.999Z
35.26476582240443,137.1813704166727,497.7,1337.8066534246275,-81567.59702555375,2025-10-11T02:13:16.999Z
35.264782512659906,137.18148073282094,498.4,1347.8433865149657,-81565.74401039237,2025-10-11T02:13:17.999Z
35.26479457989544,137.18159045621135,499.0,1357.826261128362,-81564.40384383581,2025-10-11T02:13:18.999Z
35.26480795469423,137.18169450535368,499.6,1367.2928450299305,-81562.91869076795,2025-10-11T02:13:19.999Z
35.26481641223209,137.18180042128407,500.2,1376.9293568246983,-81561.9789949579,2025-10-11T02:13:20.999Z
35.26482407331978,137.18191304176227,500.7,1387.1758866360442,-81561.12754883872,2025-10-11T02:13:21.999Z
35.26482803929252,137.18202805337097,501.4,1397.6400325209097,-81560.68597255017,2025-10-11T02:13:22.999Z
35.26482975198392,137.1821509496359,502.2,1408.8215937329937,-81560.49423850409,2025-10-11T02:13:23.999Z
35.264828525325065,137.18227603047805,503.0,1420.2019672765143,-81560.62853422671,2025-10-11T02:13:24.999Z
35.264825458332275,137.18238117375594,503.8,1429.7683746041023,-81560.96725926489,2025-10-11T02:13:25.999Z
35.26481421196525,137.18248756064844,504.6,1439.4480763215415,-81562.21332960151,2025-10-11T02:13:26.999Z
35.264790302824125,137.1825887382913,505.5,1448.6540477021824,-81564.8642020831,2025-10-11T02:13:27.999Z
35.264784004753736,137.182712682484,506.3,1459.9311014045113,-81565.56105800613,2025-10-11T02:13:28.999Z
35.264777331219285,137.18283198197412,507.0,1470.7855698639664,-81566.29962054937,2025-10-11T02:13:29.999Z
35.264763357337195,137.18295609248034,507.6,1482.0778987274482,-81567.8479574358,2025-10-11T02:13:30.999Z
35.264752478919775,137.1830815618917,508.1,1493.4938133809526,-81569.05286642308,2025-10-11T02:13:31.999Z
35.26474771277897,137.18318524187796,508.8,1502.9271275762605,-81569.58002983037,2025-10-11T02:13:32.998Z
35.264746661121386,137.18328014340256,509.6,1511.561673710699,-81569.69525339082,2025-10-11T02:13:33.998Z
35.264748429706124,137.18337900622672,510.5,1520.5565825330027,-81569.49754629034,2025-10-11T02:13:34.998Z
35.2647450204858,137.1835247501852,511.7,1533.81702464381,-81569.87350302441,2025-10-11T02:13:35.998Z
35.26474022059092,137.18367987257108,512.9,1547.9307818435414,-81570.403567597,2025-10-11T02:13:36.998Z
35.26473201960474,137.18385066309634,513.7,1563.470157290785,-81571.31066118306,2025-10-11T02:13:37.998Z
35.26472923043445,137.18403675353164,513.9,1580.4014792324522,-81571.6171282688,2025-10-11T02:13:38.998Z
35.264740321743474,137.18422204686863,513.6,1597.2600066780165,-81570.38375465827,2025-10-11T02:13:39.998Z
35.26472490302769,137.18439889361133,512.7,1613.3505495604752,-81572.09135895956,2025-10-11T02:13:40.998Z
35.26476068178351,137.18458719437157,511.3,1630.4822065058065,-81568.11918885654,2025-10-11T02:13:41.998Z
35.26482634410605,137.18477143146492,509.8,1647.2435148762804,-81560.83193995571,2025-10-11T02:13:42.998Z
35.26489732041624,137.18496116841234,508.4,1664.5050857319018,-81552.95506390171,2025-10-11T02:13:43.998Z
35.26496019607664,137.1851327986758,507.0,1680.1193784268173,-81545.97710169545,2025-10-11T02:13:44.998Z
35.26501141656597,137.1853156069186,505.6,1696.7509045487398,-81540.29188009034,2025-10-11T02:13:45.998Z
35.26508050539085,137.18548671739734,504.3,1712.3177277955924,-81532.62461761455,2025-10-11T02:13:46.998Z
35.2651481907938,137.18565924810116,503.4,1728.0137716250729,-81525.1129911662,2025-10-11T02:13:47.998Z
35.26524622697467,137.18582808794412,503.2,1743.3733316380049,-81514.23445845633,2025-10-11T02:13:48.998Z
35.2653346609005,137.18599510986212,503.3,1758.5676611220804,-81504.42115155261,2025-10-11T02:13:49.998Z
35.26543010576316,137.18615124343813,503.9,1772.7711474647276,-81493.83025976423,2025-10-11T02:13:50.998Z
35.265530500816375,137.18631400575003,504.7,1787.5775953493253,-81482.69007988214,2025-10-11T02:13:51.998Z
35.2656336477233,137.186481228615,504.9,1802.7897806015087,-81471.24451937868,2025-10-11T02:13:52.998Z
35.26573393121619,137.186643809282,504.6,1817.5796303174743,-81460.1166690634,2025-10-11T02:13:53.998Z
35.26582525964863,137.1868157139645,504.0,1833.217970813408,-81449.98204599906,2025-10-11T02:13:54.998Z
35.2659201558069,137.1869698195758,502.8,1847.2367866031975,-81439.4519437684,2025-10-11T02:13:55.998Z
35.26601251308799,137.18712686043497,501.2,1861.5226843981304,-81429.20341325479,2025-10-11T02:13:56.998Z
35.26611512132424,137.18728017463923,499.7,1875.4692529771883,-81417.81774721785,2025-10-11T02:13:57.998Z
35.26626197542974,137.1874154029315,498.2,1887.7692599943225,-81401.52401618444,2025-10-11T02:13:58.998Z
35.26640242668529,137.1875374536042,496.6,1898.8704430375467,-81385.94081633641,2025-10-11T02:13:59.998Z
35.26654394779274,137.1876573670566,495.1,1909.7771139363963,-81370.23896024408,2025-10-11T02:14:00.998Z
35.26668488478695,137.18777411158524,493.5,1920.3954459580737,-81354.60195016091,2025-10-11T02:14:01.998Z
35.266830715956374,137.18789473444613,491.9,1931.3664824704774,-81338.42191945303,2025-10-11T02:14:02.998Z
35.26698372573666,137.18800986041103,490.3,1941.8371921043527,-81321.4456278436,2025-10-11T02:14:03.998Z
35.26713719141101,137.18812416506242,488.8,1952.233127155235,-81304.41876547498,2025-10-11T02:14:04.998Z
35.267295229477085,137.18823260055984,487.2,1962.0949299233066,-81286.88477128687,2025-10-11T02:14:05.998Z
35.26745245954615,137.18834173577974,485.7,1972.0203754233487,-81269.44038659864,2025-10-11T02:14:06.998Z
35.26761284279794,137.18845115108857,484.3,1981.9711884874284,-81251.64618852772,2025-10-11T02:14:07.998Z
35.267775105753046,137.18856026788046,482.8,1991.8947570172654,-81233.64346124127,2025-10-11T02:14:08.998Z
35.267940510774096,137.18865828136862,481.3,2000.808024555551,-81215.29238328943,2025-10-11T02:14:09.998Z
35.268086275380924,137.188751876777,479.7,2009.319782474467,-81199.12018306457,2025-10-11T02:14:10.998Z
35.26825150869568,137.18878314535675,478.2,2012.1605229157149,-81180.78949054934,2025-10-11T02:14:11.998Z
35.26843077203663,137.1887802347799,476.9,2011.89128644102,-81160.9030775315,2025-10-11T02:14:12.998Z
35.2686101891408,137.18875545276546,476.1,2009.6321894046853,-81141.00004945339,2025-10-11T02:14:13.998Z
35.26878004716248,137.18874688366458,476.0,2008.8483818127013,-81122.15712332384,2025-10-11T02:14:14.998Z
35.26891576606028,137.1887781009478,476.3,2011.6851615226922,-81107.10059447872,2025-10-11T02:14:15.998Z
35.26904193757876,137.1888794138234,477.0,2020.899413687011,-81093.10177203325,2025-10-11T02:14:16.998Z
35.26915636608244,137.18902459008987,478.0,2034.1045837375032,-81080.4047461217,2025-10-11T02:14:17.998Z
35.26926602493797,137.18919331152645,478.5,2049.4519530469133,-81068.2363327488,2025-10-11T02:14:18.998Z
35.26937467409587,137.1893608022553,478.5,2064.6873381762584,-81056.1799288775,2025-10-11T02:14:19.998Z
35.26947737055345,137.18952142316,478.0,2079.297826537505,-81044.7840024296,2025-10-11T02:14:20.998Z
35.26956981452614,137.18969048902258,477.2,2094.676852918482,-81034.52522742841,2025-10-11T02:14:21.998Z
35.26965987297907,137.1898622061127,475.9,2110.2971111150373,-81024.53100594674,2025-10-11T02:14:22.997Z
35.26974864572708,137.1900361720897,474.4,2126.121968621305,-81014.67933803114,2025-10-11T02:14:23.997Z
35.26983679217902,137.19021132984474,472.9,2142.055234120485,-81004.89709428656,2025-10-11T02:14:24.997Z
35.26992640428992,137.19038705183533,471.4,2158.03975940665,-80994.95221794014,2025-10-11T02:14:25.997Z
35.27001489273876,137.19056319664256,469.9,2174.0627465935136,-80985.13195667915,2025-10-11T02:14:26.997Z
35.27010307532384,137.19073958034045,468.4,2190.1074409767184,-80975.34559237037,2025-10-11T02:14:27.997Z
35.270191391392565,137.1909132404254,467.5,2205.904308152457,-80965.54445200405,2025-10-11T02:14:28.997Z
35.27028177078593,137.191088547901,467.2,2221.8509608146687,-80955.51435318084,2025-10-11T02:14:29.997Z
35.2703722067155,137.19126600053164,467.5,2237.9927379400683,-80945.47790582784,2025-10-11T02:14:30.997Z
35.270461773927586,137.19144009308147,467.8,2253.828810888615,-80935.53787646089,2025-10-11T02:14:31.997Z
35.270551394296895,137.19161650285304,468.1,2269.8756627173043,-80925.59186917408,2025-10-11T02:14:32.997Z
35.270638937773576,137.19179240770862,467.7,2285.8766015526003,-80915.87624376809,2025-10-11T02:14:33.997Z
35.27070148288672,137.1919602133076,466.8,2301.1413637017595,-80908.93395739637,2025-10-11T02:14:34.997Z
35.27072253716981,137.1921431639089,465.2,2317.785136243278,-80906.59405386433,2025-10-11T02:14:35.997Z
35.27069078264126,137.1923448509538,463.6,2336.135008523386,-80910.11199510442,2025-10-11T02:14:36.997Z
35.270618943637416,137.1925533567341,462.0,2355.1064064806737,-80918.0764863531,2025-10-11T02:14:37.997Z
35.270545607490654,137.19275906662878,460.3,2373.823518690865,-80926.20708926617,2025-10-11T02:14:38.997Z
35.27051203393572,137.19297167902178,458.6,2393.167468447603,-80929.9264457567,2025-10-11T02:14:39.997Z
35.27051528097073,137.1931964215938,457.0,2413.613917371409,-80929.56079405265,2025-10-11T02:14:40.997Z
35.270573143314984,137.1934258786062,455.4,2434.4876392862,-80923.1362612705,2025-10-11T02:14:41.997Z
35.27060011374405,137.1936652352266,453.9,2456.2629054922904,-80920.1384126818,2025-10-11T02:14:42.997Z
35.27064366209424,137.19388845428665,452.4,2476.569497911367,-80915.30185191578,2025-10-11T02:14:43.997Z
35.270659651528064,137.19407845699175,450.9,2493.854974644405,-80913.52331398208,2025-10-11T02:14:44.997Z
35.270610168378546,137.1942466042786,449.4,2509.15411340332,-80919.00846077097,2025-10-11T02:14:45.999Z
35.27051634892324,137.19441912465126,447.8,2524.852499153201,-80929.41189388286,2025-10-11T02:14:46.999Z
35.270392932018574,137.19458598614736,446.2,2540.0370132428484,-80943.09882103202,2025-10-11T02:14:47.999Z
35.27027647491269,137.19475531560616,444.6,2555.445884865022,-80956.01357743115,2025-10-11T02:14:48.999Z
35.27016760783439,137.19492651698098,443.0,2571.024863986618,-80968.08626334596,2025-10-11T02:14:49.999Z
35.27008727028498,137.19511759454036,441.4,2588.4112754329226,-80976.99349659772,2025-10-11T02:14:50.999Z
35.27005732503919,137.1953377738694,439.9,2608.443732223682,-80980.30968975538,2025-10-11T02:14:51.999Z
35.27009469725717,137.19555812193985,438.6,2628.4893811444463,-80976.15800894373,2025-10-11T02:14:52.999Z
35.27016530044773,137.1957574948279,437.6,2646.6256496808487,-80968.32038391918,2025-10-11T02:14:53.999Z
35.27026818258931,137.1959310993357,437.0,2662.4164766660238,-80956.90256665273,2025-10-11T02:14:54.999Z
35.270378043019164,137.19610050221118,437.0,2677.8247788821177,-80944.71070241566,2025-10-11T02:14:55.999Z
35.270500979119404,137.19628169315405,436.9,2694.3050572376283,-80931.06794934686,2025-10-11T02:14:56.999Z
35.270635497658695,137.19645716113345,436.5,2710.264239105563,-80916.14043072668,2025-10-11T02:14:57.999Z
35.27075496780294,137.19664164212236,436.5,2727.0438520979897,-80902.88202130148,2025-10-11T02:14:58.999Z
35.27088312018967,137.19681353827943,436.6,2742.6781901585405,-80888.6607685042,2025-10-11T02:14:59.999Z
35.27100931398338,137.19698913292623,436.2,2758.6490231038892,-80874.65666092857,2025-10-11T02:15:00.999Z
35.27112602495305,137.19716985085444,436.2,2775.0862302979012,-80861.70435344656,2025-10-11T02:15:01.999Z
35.2712224183233,137.19736011553871,436.3,2792.392620950665,-80851.00566905564,2025-10-11T02:15:02.999Z
35.27128078690404,137.19757319908453,437.7,2811.7762697849885,-80844.52456444188,2025-10-11T02:15:03.999Z
35.27131694137862,137.19780301819068,438.9,2832.683210191006,-80840.50725039806,2025-10-11T02:15:04.999Z
35.27135163151239,137.198028966661,440.5,2853.238045762247,-80836.65244507059,2025-10-11T02:15:05.999Z
35.271388183966714,137.19823496423282,442.0,2871.9777322181853,-80832.59157503137,2025-10-11T02:15:06.999Z
35.271298006620285,137.20079515225126,443.9,3104.8984929471976,-80842.51824114085,2025-10-11T02:15:22.999Z
35.2712904744856,137.20094194226834,444.3,3118.2532599132737,-80843.34921117329,2025-10-11T02:15:23.999Z
35.27128300779865,137.20109303338373,445.0,3131.999326845724,-80844.1727652804,2025-10-11T02:15:24.999Z
35.271275965933654,137.2012446796724,445.9,3145.795887762151,-80844.9491534627,2025-10-11T02:15:25.999Z
35.27126891825793,137.2013864510337,446.8,3158.694062197321,-80845.72647957508,2025-10-11T02:15:26.999Z
35.27126171606898,137.2015405922568,447.7,3172.717615197946,-80846.52053263495,2025-10-11T02:15:27.999Z
35.27124971989469,137.20170843032128,448.6,3187.9874532562817,-80847.84594210579,2025-10-11T02:15:28.999Z
35.271235820039315,137.2018791114055,449.2,3203.5160196533507,-80849.38241779848,2025-10-11T02:15:29.999Z
35.27122130129333,137.20204196290996,449.7,3218.3323054727102,-80850.98777705853,2025-10-11T02:15:30.999Z
35.27120578740448,137.20219927032645,450.2,3232.644252459839,-80852.7036882778,2025-10-11T02:15:31.999Z
35.27119349739626,137.2023524536575,450.7,3246.5808799092556,-80854.06207229338,2025-10-11T02:15:32.999Z
35.27117653643513,137.20250065261664,451.2,3260.0642361124073,-80855.93876821641,2025-10-11T02:15:33.998Z
35.27117972620276,137.2026060318336,451.8,3269.6511807298543,-80855.58144562197,2025-10-11T02:15:34.998Z
35.271179031195054,137.20268080763577,452.4,3276.4540779241315,-80855.65607930066,2025-10-11T02:15:35.998Z
35.271164508323324,137.20274769229633,453.0,3282.5396215906444,-80857.26495558678,2025-10-11T02:15:36.998Z
35.27114854292312,137.20282356317313,453.8,3289.4427639643013,-80859.03355601158,2025-10-11T02:15:37.998Z
35.27113457478298,137.20291029194485,454.7,3297.3336460942505,-80860.58022541784,2025-10-11T02:15:38.998Z
35.27111649708597,137.2030178172402,455.7,3307.1167021781334,-80862.58208644151,2025-10-11T02:15:39.998Z
35.271104509209415,137.20313448227705,456.7,3317.731020317345,-80863.90806034624,2025-10-11T02:15:40.998Z
35.271083039959834,137.20326769435448,457.5,3329.8511293235406,-80866.28527758384,2025-10-11T02:15:41.998Z
35.27105148388994,137.2034108046007,457.9,3342.8721649381773,-80869.78112107774,2025-10-11T02:15:42.998Z
35.27100495161991,137.20355940789366,458.0,3356.393569622634,-80874.93813663647,2025-10-11T02:15:43.998Z
35.27094823489389,137.20369268152606,458.2,3368.5207628792696,-80881.22545955096,2025-10-11T02:15:44.998Z
35.27087280105719,137.20382131077432,458.3,3380.2262174703687,-80889.5892968584,2025-10-11T02:15:45.998Z
35.27077191254576,137.20394895894668,458.3,3391.843499128563,-80900.77695289918,2025-10-11T02:15:46.998Z
35.27066339929163,137.20406930205212,458.2,3402.796532064055,-80912.81069103003,2025-10-11T02:15:47.998Z
35.270562247857164,137.2041897818808,458.4,3413.7617241044986,-80924.0277315509,2025-10-11T02:15:48.998Z
35.27046526689561,137.2043053394587,458.9,3424.278952913197,-80934.78227935136,2025-10-11T02:15:49.998Z
