timestamp,latitude,longitude,x,y,z
2025-10-11T02:04:01.998Z,35.25715731855349,137.13306306763934,-3057.0,-82411.0,209.6999969482422
2025-10-11T02:04:02.998Z,35.25715731855349,137.13306306763934,-3057.0,-82411.0,209.6999969482422
2025-10-11T02:04:03.998Z,35.25715731855349,137.13306306763934,-3057.0,-82411.0,209.6999969482422
2025-10-11T02:04:04.998Z,35.25715731855349,137.13306306763934,-3057.0,-82411.0,209.6999969482422
2025-10-11T02:04:05.998Z,35.25715731855349,137.13306306763934,-3057.0,-82411.0,209.6999969482422
2025-10-11T02:04:06.998Z,35.25715731855349,137.13306306763934,-3057.0,-82411.0,209.6999969482422
2025-10-11T02:04:07.997Z,35.25715731855349,137.13306306763934,-3057.0,-82411.0,209.6999969482422
2025-10-11T02:04:08.997Z,35.25715731855349,137.13306306763934,-3057.0,-82411.0,209.6999969482422
2025-10-11T02:04:09.997Z,35.25715731855349,137.13306306763934,-3057.0,-82411.0,209.6999969482422
2025-10-11T02:04:10.997Z,35.25715731855349,137.13306306763934,-3057.0,-82411.0,209.6999969482422
2025-10-11T02:04:11.997Z,35.25715252426687,137.13305868200476,-3058.0,-82411.0,209.6999969482422
2025-10-11T02:04:12.997Z,35.25715252426687,137.13305868200476,-3058.0,-82411.0,209.6999969482422
2025-10-11T02:04:13.997Z,35.25714578664114,137.1330790759984,-3056.0,-82412.0,209.6999969482422
2025-10-11T02:04:14.997Z,35.257139998983035,137.13311215602076,-3053.0,-82413.0,209.1999969482422
2025-10-11T02:04:15.997Z,35.25712928786841,137.13317216586466,-3047.0,-82414.0,209.1999969482422
2025-10-11T02:04:16.997Z,35.25711902333252,137.13323284245803,-3042.0,-82415.0,209.39999389648438
2025-10-11T02:04:17.999Z,35.2571037717835,137.1333239231861,-3033.0,-82417.0,207.89999389648438
2025-10-11T02:04:18.999Z,35.25708579400036,137.13343518282096,-3023.0,-82419.0,207.89999389648438
2025-10-11T02:04:19.999Z,35.257068573060536,137.13354697823237,-3013.0,-82421.0,208.10000610351562
2025-10-11T02:04:20.999Z,35.2570498312408,137.13366467438811,-3002.0,-82423.0,208.39999389648438
2025-10-11T02:04:21.999Z,35.257031467114615,137.1337812271979,-2992.0,-82425.0,204.60000610351562
2025-10-11T02:04:22.999Z,35.257010412433,137.13391497135066,-2980.0,-82427.0,203.0
2025-10-11T02:04:23.999Z,35.25698790142931,137.13405369050466,-2967.0,-82430.0,198.5
2025-10-11T02:04:24.999Z,35.25696152716674,137.13419498114106,-2954.0,-82432.0,198.6999969482422
2025-10-11T02:04:25.999Z,35.25693042543023,137.13434163885532,-2941.0,-82436.0,199.39999389648438
2025-10-11T02:04:26.999Z,35.25689978346382,137.13449798111148,-2927.0,-82439.0,193.10000610351562
2025-10-11T02:04:27.999Z,35.25687203822016,137.13465345202803,-2912.0,-82442.0,194.8000030517578
2025-10-11T02:04:28.999Z,35.25684620669311,137.13481103641683,-2898.0,-82445.0,192.39999389648438
2025-10-11T02:04:29.999Z,35.25682048229616,137.1349764990357,-2883.0,-82448.0,190.89999389648438
2025-10-11T02:04:30.999Z,35.25679593850323,137.13514198281788,-2868.0,-82451.0,189.89999389648438
2025-10-11T02:04:31.999Z,35.25677043601551,137.1353074223565,-2853.0,-82454.0,189.3000030517578
2025-10-11T02:04:32.999Z,35.25674612735023,137.13547259172347,-2838.0,-82456.0,187.0
2025-10-11T02:04:33.999Z,35.25672141404359,137.13564402257649,-2822.0,-82459.0,185.6999969482422
2025-10-11T02:04:34.999Z,35.25669967695056,137.13581406230384,-2807.0,-82462.0,183.6999969482422
2025-10-11T02:04:35.999Z,35.25667742936512,137.13598006523557,-2792.0,-82464.0,183.6999969482422
2025-10-11T02:04:36.999Z,35.25665405129505,137.13613536307307,-2778.0,-82467.0,182.5
2025-10-11T02:04:37.999Z,35.256620499381384,137.13628706283114,-2764.0,-82470.0,182.3000030517578
2025-10-11T02:04:38.999Z,35.256586275073964,137.1364375660079,-2750.0,-82474.0,182.5
2025-10-11T02:04:39.999Z,35.256562222024776,137.13658250565706,-2737.0,-82477.0,182.89999389648438
2025-10-11T02:04:40.999Z,35.256546257738435,137.13671283677385,-2725.0,-82479.0,183.10000610351562
2025-10-11T02:04:41.999Z,35.25653332031533,137.13682052294163,-2715.0,-82480.0,183.3000030517578
2025-10-11T02:04:42.999Z,35.25651742748832,137.13689943960148,-2708.0,-82482.0,183.6999969482422
2025-10-11T02:04:43.999Z,35.256480438274785,137.13695389077387,-2703.0,-82486.0,183.6999969482422
2025-10-11T02:04:44.999Z,35.256421451206954,137.13698636439264,-2700.0,-82492.0,183.60000610351562
2025-10-11T02:04:45.999Z,35.256297539757206,137.13693723496786,-2705.0,-82506.0,183.39999389648438
2025-10-11T02:04:46.999Z,35.25619156004131,137.13688287097858,-2710.0,-82518.0,183.10000610351562
2025-10-11T02:04:47.999Z,35.25607347060284,137.13681375922087,-2716.0,-82531.0,183.0
2025-10-11T02:04:48.999Z,35.2559530384951,137.1367461069041,-2722.0,-82544.0,182.60000610351562
2025-10-11T02:04:49.999Z,35.2558379890807,137.1366855837178,-2728.0,-82557.0,182.5
2025-10-11T02:04:50.999Z,35.25572025073313,137.13662304472874,-2733.0,-82570.0,182.10000610351562
2025-10-11T02:04:51.999Z,35.25560741031168,137.1365575136461,-2739.0,-82583.0,181.89999389648438
2025-10-11T02:04:52.999Z,35.25549359241273,137.1364842957737,-2746.0,-82595.0,181.3000030517578
2025-10-11T02:04:53.999Z,35.25536307085257,137.13641525937706,-2752.0,-82610.0,180.89999389648438
2025-10-11T02:04:54.999Z,35.25522891808477,137.1363623998256,-2757.0,-82625.0,180.8000030517578
2025-10-11T02:04:55.999Z,35.25510085573927,137.13631610240176,-2761.0,-82639.0,180.5
2025-10-11T02:04:56.999Z,35.254970745989795,137.1362751181523,-2765.0,-82653.0,180.60000610351562
2025-10-11T02:04:57.999Z,35.25483961103591,137.1362439975711,-2768.0,-82668.0,180.1999969482422
2025-10-11T02:04:58.999Z,35.25471159376588,137.1362223896402,-2770.0,-82682.0,179.3000030517578
2025-10-11T02:04:59.999Z,35.254588564230446,137.13620323300364,-2772.0,-82696.0,177.8000030517578
2025-10-11T02:05:00.999Z,35.25447170001086,137.13618657131067,-2773.0,-82709.0,177.89999389648438
2025-10-11T02:05:01.999Z,35.25435946843165,137.13616869386632,-2775.0,-82721.0,180.0
2025-10-11T02:05:02.999Z,35.254265158500594,137.1361531666521,-2776.0,-82732.0,180.60000610351562
2025-10-11T02:05:03.999Z,35.25419528470721,137.13614176819792,-2777.0,-82739.0,181.10000610351562
2025-10-11T02:05:04.999Z,35.254140659402026,137.13613282628603,-2778.0,-82745.0,181.10000610351562
2025-10-11T02:05:05.999Z,35.25410523695451,137.13612642907324,-2779.0,-82749.0,181.6999969482422
2025-10-11T02:05:06.999Z,35.254093914719746,137.13612458035118,-2779.0,-82751.0,181.6999969482422
2025-10-11T02:05:16.999Z,35.254090791391846,137.13612190662164,-2779.0,-82751.0,181.6999969482422
2025-10-11T02:05:17.998Z,35.25409070851222,137.1361216724225,-2779.0,-82751.0,181.6999969482422
2025-10-11T02:05:18.998Z,35.25409053111852,137.13612120196237,-2779.0,-82751.0,181.6999969482422
2025-10-11T02:05:19.998Z,35.25409027782652,137.13612049283822,-2779.0,-82751.0,181.6999969482422
2025-10-11T02:05:20.998Z,35.254090331939985,137.13612049437458,-2779.0,-82751.0,181.6999969482422
2025-10-11T02:05:21.998Z,35.25406679423451,137.1361164590951,-2779.0,-82754.0,181.6999969482422
2025-10-11T02:05:22.998Z,35.25401996511288,137.1361120872642,-2780.0,-82759.0,181.6999969482422
2025-10-11T02:05:23.998Z,35.253976242776815,137.13612214530994,-2779.0,-82764.0,182.3000030517578
2025-10-11T02:05:24.998Z,35.25393087023964,137.1361615218633,-2775.0,-82769.0,182.3000030517578
2025-10-11T02:05:25.998Z,35.25391039116822,137.13623490756433,-2769.0,-82771.0,182.39999389648438
2025-10-11T02:05:26.998Z,35.25392307454765,137.1363333518391,-2760.0,-82770.0,182.39999389648438
2025-10-11T02:05:27.998Z,35.25395025609101,137.1364577144823,-2748.0,-82767.0,182.5
2025-10-11T02:05:28.998Z,35.253967823062155,137.13659652091889,-2736.0,-82765.0,182.5
2025-10-11T02:05:29.998Z,35.253987497979736,137.1367283421074,-2724.0,-82762.0,182.60000610351562
2025-10-11T02:05:30.998Z,35.25401157400743,137.13687921643032,-2710.0,-82760.0,182.0
2025-10-11T02:05:31.998Z,35.254037761966366,137.13702942545936,-2696.0,-82757.0,182.0
2025-10-11T02:05:32.998Z,35.25406077337952,137.13718966070311,-2682.0,-82754.0,182.0
2025-10-11T02:05:33.998Z,35.2540880046703,137.13735047829596,-2667.0,-82751.0,182.8000030517578
2025-10-11T02:05:34.998Z,35.25411663592168,137.13751681609685,-2652.0,-82748.0,181.89999389648438
2025-10-11T02:05:35.998Z,35.2541442657942,137.1376782499677,-2637.0,-82745.0,182.60000610351562
2025-10-11T02:05:36.998Z,35.25417218526981,137.13783240664878,-2623.0,-82742.0,182.89999389648438
2025-10-11T02:05:37.998Z,35.25419753479148,137.13799259461902,-2609.0,-82739.0,183.1999969482422
2025-10-11T02:05:38.998Z,35.25422424962299,137.1381456247189,-2595.0,-82736.0,183.3000030517578
2025-10-11T02:05:39.998Z,35.2542502015187,137.13830280099225,-2580.0,-82733.0,184.1999969482422
2025-10-11T02:05:40.998Z,35.25427663658323,137.1384605111288,-2566.0,-82730.0,186.1999969482422
2025-10-11T02:05:41.998Z,35.25430392033432,137.13861793900875,-2552.0,-82727.0,186.1999969482422
2025-10-11T02:05:42.998Z,35.25433068688413,137.13877563465772,-2537.0,-82724.0,186.3000030517578
2025-10-11T02:05:43.998Z,35.254360636466004,137.13894161327514,-2522.0,-82721.0,185.39999389648438
2025-10-11T02:05:44.998Z,35.25439057132183,137.13911002269776,-2507.0,-82718.0,186.10000610351562
2025-10-11T02:05:45.998Z,35.25441710245953,137.13926711602622,-2493.0,-82715.0,187.10000610351562
2025-10-11T02:05:46.998Z,35.25444423040388,137.1394328519348,-2478.0,-82712.0,187.5
2025-10-11T02:05:47.998Z,35.254475137920856,137.13960268300184,-2462.0,-82708.0,187.10000610351562
2025-10-11T02:05:48.998Z,35.25450550791656,137.13976882673197,-2447.0,-82705.0,187.1999969482422
2025-10-11T02:05:49.998Z,35.25453477823225,137.13993439170218,-2432.0,-82702.0,187.39999389648438
2025-10-11T02:05:50.998Z,35.254565812998585,137.14010986609875,-2416.0,-82698.0,187.5
2025-10-11T02:05:51.998Z,35.25459717034857,137.1402843161171,-2400.0,-82695.0,189.3000030517578
2025-10-11T02:05:52.998Z,35.25462531064072,137.140449175265,-2385.0,-82692.0,190.60000610351562
2025-10-11T02:05:53.998Z,35.25465372483772,137.14061036972916,-2371.0,-82689.0,190.8000030517578
2025-10-11T02:05:54.998Z,35.254681948866434,137.14076776036484,-2356.0,-82686.0,189.5
2025-10-11T02:05:55.998Z,35.2547126642448,137.14093781817135,-2341.0,-82682.0,190.10000610351562
2025-10-11T02:05:56.998Z,35.2547455445198,137.14111726011353,-2324.0,-82678.0,193.6999969482422
2025-10-11T02:05:57.998Z,35.25477702794932,137.1412977235087,-2308.0,-82675.0,195.5
2025-10-11T02:05:58.998Z,35.254809115155204,137.141481040757,-2291.0,-82671.0,195.0
2025-10-11T02:05:59.998Z,35.25484413089407,137.1416725713423,-2274.0,-82668.0,195.39999389648438
2025-10-11T02:06:00.998Z,35.254893214538484,137.1418571521046,-2257.0,-82662.0,194.6999969482422
2025-10-11T02:06:01.998Z,35.25495807638455,137.14203139663869,-2241.0,-82655.0,195.10000610351562
2025-10-11T02:06:02.998Z,35.255060437404,137.14218226707342,-2227.0,-82644.0,194.8000030517578
2025-10-11T02:06:03.998Z,35.25516914948905,137.1423342750386,-2214.0,-82632.0,195.60000610351562
2025-10-11T02:06:04.998Z,35.25528490788788,137.1424878960836,-2200.0,-82619.0,196.1999969482422
2025-10-11T02:06:05.998Z,35.25539459805332,137.14263346407816,-2186.0,-82607.0,196.0
2025-10-11T02:06:06.998Z,35.255504582382336,137.14277942238783,-2173.0,-82594.0,196.6999969482422
2025-10-11T02:06:07.998Z,35.255587955454885,137.142969837196,-2156.0,-82585.0,196.60000610351562
2025-10-11T02:06:08.998Z,35.255670188071846,137.14314138234604,-2140.0,-82576.0,198.0
2025-10-11T02:06:09.998Z,35.25574906766961,137.1433059327778,-2125.0,-82567.0,198.60000610351562
2025-10-11T02:06:10.998Z,35.2558274769464,137.14346950207047,-2110.0,-82559.0,200.39999389648438
2025-10-11T02:06:11.997Z,35.25590656535956,137.14363448810607,-2095.0,-82550.0,200.39999389648438
2025-10-11T02:06:12.997Z,35.25598545373255,137.1437990568407,-2080.0,-82541.0,201.3000030517578
2025-10-11T02:06:13.997Z,35.25606496273505,137.14396492026566,-2065.0,-82532.0,200.6999969482422
2025-10-11T02:06:14.997Z,35.25614375465536,137.14412928771742,-2050.0,-82523.0,200.39999389648438
2025-10-11T02:06:15.997Z,35.25622615806736,137.1442903750139,-2036.0,-82514.0,200.0
2025-10-11T02:06:16.997Z,35.25632862254107,137.14442107733487,-2024.0,-82503.0,200.89999389648438
2025-10-11T02:06:17.997Z,35.2564611159071,137.14450990304766,-2016.0,-82488.0,200.8000030517578
2025-10-11T02:06:18.997Z,35.25661900348343,137.1445639025017,-2011.0,-82471.0,201.8000030517578
2025-10-11T02:06:19.997Z,35.25677356727817,137.1446236186342,-2005.0,-82454.0,201.6999969482422
2025-10-11T02:06:20.997Z,35.256927138085146,137.14468690253756,-2000.0,-82437.0,202.39999389648438
2025-10-11T02:06:21.997Z,35.257096287676205,137.14471034959985,-1997.0,-82418.0,203.10000610351562
2025-10-11T02:06:22.997Z,35.25724830483998,137.1447771428553,-1991.0,-82401.0,204.3000030517578
2025-10-11T02:06:23.999Z,35.2574062083443,137.144861928159,-1984.0,-82383.0,205.89999389648438
2025-10-11T02:06:24.999Z,35.257555054504245,137.14495302251555,-1975.0,-82367.0,206.60000610351562
2025-10-11T02:06:25.999Z,35.2577020258468,137.14505745998582,-1966.0,-82351.0,207.1999969482422
2025-10-11T02:06:26.999Z,35.257850696006535,137.1451657784704,-1956.0,-82334.0,207.3000030517578
2025-10-11T02:06:27.999Z,35.257993834239485,137.1452779978638,-1946.0,-82318.0,208.6999969482422
2025-10-11T02:06:28.999Z,35.25813636003095,137.14539148157598,-1935.0,-82302.0,210.60000610351562
2025-10-11T02:06:29.999Z,35.25828174798048,137.1455032965917,-1925.0,-82286.0,211.0
2025-10-11T02:06:30.999Z,35.25842907455762,137.14561695489593,-1915.0,-82270.0,211.1999969482422
2025-10-11T02:06:31.999Z,35.25857682816034,137.14573094263753,-1904.0,-82254.0,210.89999389648438
2025-10-11T02:06:32.999Z,35.25872986047637,137.14584900275648,-1894.0,-82237.0,210.89999389648438
2025-10-11T02:06:33.999Z,35.25888066262659,137.14596534236642,-1883.0,-82220.0,211.1999969482422
2025-10-11T02:06:34.999Z,35.25902744571841,137.14607518541555,-1873.0,-82204.0,213.89999389648438
2025-10-11T02:06:35.999Z,35.25916557103333,137.14620038314794,-1862.0,-82188.0,215.10000610351562
2025-10-11T02:06:36.999Z,35.25931596748058,137.14630436435257,-1852.0,-82172.0,215.1999969482422
2025-10-11T02:06:37.999Z,35.25947116004883,137.14641886666402,-1842.0,-82154.0,213.89999389648438
2025-10-11T02:06:38.999Z,35.259626539103415,137.14654378799565,-1830.0,-82137.0,214.3000030517578
2025-10-11T02:06:39.999Z,35.259775657414274,137.14667433781565,-1819.0,-82121.0,216.0
2025-10-11T02:06:40.999Z,35.2599201433575,137.14680162547822,-1807.0,-82105.0,217.6999969482422
2025-10-11T02:06:41.999Z,35.26005321602544,137.1469180746351,-1796.0,-82090.0,220.3000030517578
2025-10-11T02:06:42.999Z,35.2601486010856,137.1470390164608,-1785.0,-82079.0,219.60000610351562
2025-10-11T02:06:43.999Z,35.26018976139748,137.14720198047706,-1771.0,-82075.0,220.60000610351562
2025-10-11T02:06:44.999Z,35.26017185524666,137.1473847662712,-1754.0,-82077.0,221.10000610351562
2025-10-11T02:06:45.999Z,35.26012582762512,137.14757379719964,-1737.0,-82082.0,219.89999389648438
2025-10-11T02:06:46.999Z,35.26008423071393,137.14776692268782,-1719.0,-82086.0,220.6999969482422
2025-10-11T02:06:47.999Z,35.26005072447339,137.14796276580736,-1701.0,-82090.0,223.6999969482422
2025-10-11T02:06:48.999Z,35.26001366278902,137.14814946361338,-1684.0,-82094.0,227.1999969482422
2025-10-11T02:06:49.999Z,35.25998361623393,137.14831875240773,-1669.0,-82098.0,226.5
2025-10-11T02:06:50.999Z,35.259983328189875,137.14847402075256,-1655.0,-82098.0,227.10000610351562
2025-10-11T02:06:51.999Z,35.26004591815757,137.14861370368487,-1642.0,-82091.0,228.0
2025-10-11T02:06:52.999Z,35.26016911452671,137.1486887386242,-1635.0,-82077.0,228.89999389648438
2025-10-11T02:06:53.999Z,35.26027701947484,137.14880096793107,-1625.0,-82065.0,229.60000610351562
2025-10-11T02:06:54.999Z,35.26038600338867,137.14891431950127,-1615.0,-82053.0,230.1999969482422
2025-10-11T02:06:55.999Z,35.2605030079521,137.14903601299736,-1604.0,-82040.0,229.6999969482422
2025-10-11T02:06:56.999Z,35.26062035320702,137.14916119272883,-1592.0,-82027.0,234.89999389648438
2025-10-11T02:06:57.999Z,35.26072547768432,137.14929883578148,-1580.0,-82015.0,236.8000030517578
2025-10-11T02:06:58.999Z,35.260843931712685,137.14942252279127,-1569.0,-82002.0,237.8000030517578
2025-10-11T02:06:59.999Z,35.26095521534446,137.149540725981,-1558.0,-81990.0,238.89999389648438
2025-10-11T02:07:00.999Z,35.26106239036009,137.14967086009372,-1546.0,-81978.0,238.10000610351562
2025-10-11T02:07:01.999Z,35.26114802529068,137.14983398057012,-1531.0,-81968.0,239.89999389648438
2025-10-11T02:07:02.999Z,35.26120607336993,137.1500111905041,-1515.0,-81962.0,239.5
2025-10-11T02:07:03.999Z,35.26122899654762,137.1501841892581,-1499.0,-81959.0,241.6999969482422
2025-10-11T02:07:04.999Z,35.2612163627627,137.1503681733873,-1482.0,-81961.0,239.0
2025-10-11T02:07:05.999Z,35.261171630606135,137.15054749997668,-1466.0,-81966.0,239.39999389648438
2025-10-11T02:07:06.999Z,35.261096337105826,137.1507181922374,-1451.0,-81974.0,239.1999969482422
2025-10-11T02:07:07.999Z,35.26099121096853,137.15087480416403,-1436.0,-81986.0,238.1999969482422
2025-10-11T02:07:08.999Z,35.26087257490639,137.15101510041276,-1424.0,-81999.0,240.0
2025-10-11T02:07:09.999Z,35.260761987612455,137.1511452163175,-1412.0,-82011.0,241.89999389648438
2025-10-11T02:07:10.999Z,35.26068056811051,137.15128787702488,-1399.0,-82020.0,243.1999969482422
2025-10-11T02:07:11.999Z,35.2606337804398,137.15146543640614,-1383.0,-82025.0,244.0
2025-10-11T02:07:12.999Z,35.2606172327161,137.151663447764,-1365.0,-82027.0,244.6999969482422
2025-10-11T02:07:13.999Z,35.260615072111015,137.1518759196471,-1345.0,-82028.0,245.89999389648438
2025-10-11T02:07:14.999Z,35.26060713445879,137.1520920523077,-1326.0,-82028.0,246.60000610351562
2025-10-11T02:07:15.999Z,35.26059790808473,137.15229866458156,-1307.0,-82029.0,247.1999969482422
2025-10-11T02:07:16.999Z,35.26058566377983,137.15251252933925,-1287.0,-82031.0,247.6999969482422
2025-10-11T02:07:17.998Z,35.26057653454244,137.1527153506832,-1269.0,-82032.0,249.1999969482422
2025-10-11T02:07:18.998Z,35.260569893471335,137.15291950374944,-1250.0,-82033.0,250.89999389648438
2025-10-11T02:07:19.998Z,35.26056120976461,137.1531204549379,-1232.0,-82034.0,254.89999389648438
2025-10-11T02:07:20.998Z,35.26053634502849,137.15330554035313,-1215.0,-82036.0,249.5
2025-10-11T02:07:21.998Z,35.26047291889116,137.15346760597373,-1200.0,-82043.0,253.3000030517578
2025-10-11T02:07:22.998Z,35.26037335398327,137.15360936350547,-1188.0,-82054.0,250.3000030517578
2025-10-11T02:07:23.998Z,35.260245662444746,137.15373421058706,-1176.0,-82069.0,249.6999969482422
2025-10-11T02:07:24.998Z,35.26010663154732,137.15384840144836,-1166.0,-82084.0,255.39999389648438
2025-10-11T02:07:25.998Z,35.25997955806751,137.1539821688228,-1154.0,-82098.0,264.1000061035156
2025-10-11T02:07:26.998Z,35.259889555958544,137.15413595711166,-1140.0,-82108.0,275.3999938964844
2025-10-11T02:07:27.998Z,35.25983867773215,137.15432018331347,-1123.0,-82114.0,276.3999938964844
2025-10-11T02:07:28.998Z,35.259824227354805,137.1545238875796,-1104.0,-82115.0,277.0
2025-10-11T02:07:29.998Z,35.259835021442704,137.1547340260385,-1085.0,-82114.0,278.5
2025-10-11T02:07:30.998Z,35.25985368952467,137.15495092284965,-1066.0,-82112.0,282.20001220703125
2025-10-11T02:07:31.998Z,35.25987582282631,137.15517582542788,-1045.0,-82110.0,286.1000061035156
2025-10-11T02:07:32.998Z,35.259897922878835,137.15538575959627,-1026.0,-82107.0,289.3999938964844
2025-10-11T02:07:33.998Z,35.259920566739126,137.1555920194229,-1007.0,-82105.0,289.0
2025-10-11T02:07:34.998Z,35.25994018530108,137.15581275067535,-987.0,-82102.0,288.29998779296875
2025-10-11T02:07:35.998Z,35.25997773360027,137.15603542112524,-967.0,-82098.0,286.70001220703125
2025-10-11T02:07:36.998Z,35.26003597228023,137.15624104925595,-948.0,-82092.0,289.5
2025-10-11T02:07:37.998Z,35.260125170517064,137.15641695451484,-932.0,-82082.0,301.79998779296875
2025-10-11T02:07:38.998Z,35.260201918006665,137.15659937242663,-916.0,-82073.0,299.3999938964844
2025-10-11T02:07:39.998Z,35.26027083991226,137.15679546873494,-898.0,-82066.0,302.0
2025-10-11T02:07:40.998Z,35.26034677698992,137.1569903157999,-880.0,-82057.0,303.1000061035156
2025-10-11T02:07:41.998Z,35.26041262690416,137.15718123389394,-863.0,-82050.0,298.1000061035156
2025-10-11T02:07:42.998Z,35.26043656747459,137.15738642232947,-844.0,-82047.0,295.1000061035156
2025-10-11T02:07:43.998Z,35.26046966668169,137.15757776268762,-826.0,-82044.0,296.5
2025-10-11T02:07:44.998Z,35.26050522969178,137.15775169075474,-811.0,-82040.0,296.20001220703125
2025-10-11T02:07:45.998Z,35.260573878990144,137.15790162206287,-797.0,-82032.0,298.3999938964844
2025-10-11T02:07:46.998Z,35.26062566797073,137.15805048023992,-783.0,-82026.0,297.5
2025-10-11T02:07:47.998Z,35.26067720017334,137.158189461143,-771.0,-82021.0,299.70001220703125
2025-10-11T02:07:48.998Z,35.2607286572524,137.15832666262057,-758.0,-82015.0,299.1000061035156
2025-10-11T02:07:49.998Z,35.260778906354204,137.15846064325692,-746.0,-82009.0,301.5
2025-10-11T02:07:50.998Z,35.26081406575033,137.1585956405326,-734.0,-82006.0,299.79998779296875
2025-10-11T02:07:51.998Z,35.260860125045355,137.15871272265966,-723.0,-82000.0,298.70001220703125
2025-10-11T02:07:52.998Z,35.26086104657273,137.15883102650537,-712.0,-82000.0,297.20001220703125
2025-10-11T02:07:53.998Z,35.26080395085271,137.15892897426875,-704.0,-82007.0,295.70001220703125
2025-10-11T02:07:54.998Z,35.26071487480593,137.1589846663556,-698.0,-82017.0,294.70001220703125
2025-10-11T02:07:55.998Z,35.260614859954586,137.1590272210515,-695.0,-82028.0,295.0
2025-10-11T02:07:56.998Z,35.26053186194915,137.1590855635254,-689.0,-82037.0,293.20001220703125
2025-10-11T02:07:57.998Z,35.260460141281406,137.1591538069786,-683.0,-82045.0,295.1000061035156
2025-10-11T02:07:58.998Z,35.26039531929049,137.15922791193836,-676.0,-82052.0,295.1000061035156
2025-10-11T02:07:59.998Z,35.26033384525795,137.15930988081507,-669.0,-82059.0,295.1000061035156
2025-10-11T02:08:00.998Z,35.26028289255225,137.15940233573727,-660.0,-82064.0,297.6000061035156
2025-10-11T02:08:01.998Z,35.26025608919202,137.15950455038669,-651.0,-82067.0,299.8999938964844
2025-10-11T02:08:02.998Z,35.260257624293665,137.1596154641521,-641.0,-82067.0,304.6000061035156
2025-10-11T02:08:03.998Z,35.26027732285646,137.15971524307102,-632.0,-82065.0,304.70001220703125
2025-10-11T02:08:04.998Z,35.26033287258087,137.15978711100334,-625.0,-82059.0,304.8999938964844
2025-10-11T02:08:05.998Z,35.26038461797427,137.159869827801,-618.0,-82053.0,308.6000061035156
2025-10-11T02:08:06.998Z,35.26043826729992,137.15995271288995,-610.0,-82047.0,307.79998779296875
2025-10-11T02:08:07.998Z,35.26046991905617,137.16005716695184,-601.0,-82044.0,313.79998779296875
2025-10-11T02:08:08.998Z,35.26049917068285,137.16016228468158,-591.0,-82040.0,311.29998779296875
2025-10-11T02:08:09.998Z,35.26050420411947,137.16028166374892,-580.0,-82040.0,309.70001220703125
2025-10-11T02:08:10.997Z,35.26049478021433,137.16040551935723,-569.0,-82041.0,309.1000061035156
2025-10-11T02:08:11.997Z,35.26049158731699,137.16052774281076,-558.0,-82041.0,309.79998779296875
2025-10-11T02:08:12.997Z,35.26048298903003,137.160661992253,-546.0,-82042.0,309.8999938964844
2025-10-11T02:08:13.997Z,35.26047376349812,137.16079303384876,-534.0,-82043.0,310.20001220703125
2025-10-11T02:08:14.997Z,35.260464101464905,137.160914592063,-523.0,-82044.0,310.29998779296875
2025-10-11T02:08:15.997Z,35.26045580636385,137.16103664121275,-512.0,-82045.0,310.29998779296875
2025-10-11T02:08:16.997Z,35.260464780454605,137.16115883288094,-501.0,-82044.0,309.8999938964844
2025-10-11T02:08:17.997Z,35.26051596267834,137.16125258806673,-492.0,-82039.0,309.70001220703125
2025-10-11T02:08:18.997Z,35.26053666070699,137.1613626372231,-482.0,-82036.0,309.6000061035156
2025-10-11T02:08:19.997Z,35.26056212331898,137.16147164866845,-472.0,-82034.0,318.70001220703125
2025-10-11T02:08:20.997Z,35.260571614656435,137.16157963913057,-462.0,-82032.0,315.8999938964844
2025-10-11T02:08:21.997Z,35.26054966033436,137.16168713370078,-453.0,-82035.0,310.8999938964844
2025-10-11T02:08:22.997Z,35.260486777741,137.16175735422766,-446.0,-82042.0,310.8999938964844
2025-10-11T02:08:23.997Z,35.26040418261907,137.16178402956635,-444.0,-82051.0,310.0
2025-10-11T02:08:24.997Z,35.26031063266321,137.16177076051653,-445.0,-82061.0,307.1000061035156
2025-10-11T02:08:25.997Z,35.26022791908089,137.16174734207644,-447.0,-82071.0,307.1000061035156
2025-10-11T02:08:26.997Z,35.260140904896296,137.16173300142054,-448.0,-82080.0,306.3999938964844
2025-10-11T02:08:27.997Z,35.260056021463086,137.16171648608173,-450.0,-82090.0,305.8999938964844
2025-10-11T02:08:29.000Z,35.259974473480256,137.16169875207046,-452.0,-82099.0,305.20001220703125
2025-10-11T02:08:30.000Z,35.25990372740866,137.1616461799198,-456.0,-82107.0,304.29998779296875
2025-10-11T02:08:31.000Z,35.25985177643268,137.16156509352084,-464.0,-82112.0,309.8999938964844
2025-10-11T02:08:32.000Z,35.259795525149585,137.16147487858566,-472.0,-82119.0,312.29998779296875
2025-10-11T02:08:33.000Z,35.259727417086665,137.16140912388877,-478.0,-82126.0,312.1000061035156
2025-10-11T02:08:34.000Z,35.259642894076265,137.1613722615147,-481.0,-82135.0,313.29998779296875
2025-10-11T02:08:35.000Z,35.25954760888285,137.1613718476188,-481.0,-82146.0,313.3999938964844
2025-10-11T02:08:36.000Z,35.25945828510669,137.16137922398792,-481.0,-82156.0,313.3999938964844
2025-10-11T02:08:37.000Z,35.25936622482811,137.16137248126668,-481.0,-82166.0,314.0
2025-10-11T02:08:38.000Z,35.25927863013594,137.16134799572984,-483.0,-82176.0,314.6000061035156
2025-10-11T02:08:39.000Z,35.25918589975251,137.16132615183648,-485.0,-82186.0,311.70001220703125
2025-10-11T02:08:40.000Z,35.259094746112545,137.16134139372474,-484.0,-82196.0,315.0
2025-10-11T02:08:41.000Z,35.259032729650826,137.16140516190893,-478.0,-82203.0,315.0
2025-10-11T02:08:42.000Z,35.2590018614081,137.1615004128625,-470.0,-82207.0,316.79998779296875
2025-10-11T02:08:43.000Z,35.25902979454245,137.1615973811915,-461.0,-82204.0,317.6000061035156
2025-10-11T02:08:43.999Z,35.25903351735421,137.16168925265637,-452.0,-82203.0,318.0
2025-10-11T02:08:44.999Z,35.25904770362574,137.16177503643684,-445.0,-82202.0,318.0
2025-10-11T02:08:45.999Z,35.2590469892214,137.1618641545615,-436.0,-82202.0,318.1000061035156
2025-10-11T02:08:46.999Z,35.259036534383775,137.16196853874123,-427.0,-82203.0,320.1000061035156
2025-10-11T02:08:47.999Z,35.2590368148316,137.16207338132398,-417.0,-82203.0,325.3999938964844
2025-10-11T02:08:48.999Z,35.25904340877262,137.16217382786135,-408.0,-82202.0,326.5
2025-10-11T02:08:49.999Z,35.25907031994013,137.16226678077243,-400.0,-82199.0,327.29998779296875
2025-10-11T02:08:50.999Z,35.25913566333848,137.16232395405123,-395.0,-82192.0,331.5
2025-10-11T02:08:51.999Z,35.259195374424934,137.16239336137025,-388.0,-82185.0,330.29998779296875
2025-10-11T02:08:52.999Z,35.25924344425399,137.16248534176944,-380.0,-82180.0,336.3999938964844
2025-10-11T02:08:53.999Z,35.259287220354345,137.16257118390587,-372.0,-82175.0,329.8999938964844
2025-10-11T02:08:54.999Z,35.25931605226193,137.16266769173333,-363.0,-82172.0,327.3999938964844
2025-10-11T02:08:55.999Z,35.259324132829725,137.16277847317815,-353.0,-82171.0,325.1000061035156
2025-10-11T02:08:56.999Z,35.25932380085885,137.16289784683454,-342.0,-82171.0,323.70001220703125
2025-10-11T02:08:57.999Z,35.25932224322669,137.1630137436907,-332.0,-82171.0,324.70001220703125
2025-10-11T02:08:58.999Z,35.259319749762426,137.1631362809171,-321.0,-82171.0,325.5
2025-10-11T02:08:59.999Z,35.25931717104329,137.16325892842252,-310.0,-82172.0,326.6000061035156
2025-10-11T02:09:00.999Z,35.259314006897085,137.16339202348342,-297.0,-82172.0,327.5
2025-10-11T02:09:01.999Z,35.25930520332319,137.16352955118506,-285.0,-82173.0,327.79998779296875
2025-10-11T02:09:02.999Z,35.25929361400378,137.16365467832773,-274.0,-82174.0,328.5
2025-10-11T02:09:03.999Z,35.25926964834817,137.16377909128877,-262.0,-82177.0,328.79998779296875
2025-10-11T02:09:04.999Z,35.259231741614045,137.1638977538684,-251.0,-82181.0,329.0
2025-10-11T02:09:05.999Z,35.25918120478201,137.16400994986358,-241.0,-82187.0,327.8999938964844
2025-10-11T02:09:06.999Z,35.259118210584155,137.16411216990377,-232.0,-82194.0,328.0
2025-10-11T02:09:07.999Z,35.25905744018749,137.16420747242896,-223.0,-82200.0,327.6000061035156
2025-10-11T02:09:08.999Z,35.25899545920229,137.16431022120085,-214.0,-82207.0,329.79998779296875
2025-10-11T02:09:09.999Z,35.258943355825174,137.16442922143244,-203.0,-82213.0,330.5
2025-10-11T02:09:10.999Z,35.258914586862794,137.1645553103726,-192.0,-82216.0,332.29998779296875
2025-10-11T02:09:11.999Z,35.25891303627472,137.16467605270907,-181.0,-82216.0,332.70001220703125
2025-10-11T02:09:12.999Z,35.25897509112535,137.16475780119094,-173.0,-82210.0,332.70001220703125
2025-10-11T02:09:13.999Z,35.25904489830874,137.16481696329964,-168.0,-82202.0,334.29998779296875
2025-10-11T02:09:14.999Z,35.25912394094108,137.16484217086222,-166.0,-82193.0,334.6000061035156
2025-10-11T02:09:15.999Z,35.25920684591472,137.1648603810211,-164.0,-82184.0,334.6000061035156
2025-10-11T02:09:16.999Z,35.25929668941234,137.16488094808403,-162.0,-82174.0,334.5
2025-10-11T02:09:17.999Z,35.25938740123645,137.16490207953223,-160.0,-82164.0,336.79998779296875
2025-10-11T02:09:18.999Z,35.2594693334168,137.1649228784313,-158.0,-82155.0,336.70001220703125
2025-10-11T02:09:19.999Z,35.25955546357088,137.16501181347945,-150.0,-82145.0,338.79998779296875
2025-10-11T02:09:20.999Z,35.259635551981226,137.16508435660768,-143.0,-82136.0,337.70001220703125
2025-10-11T02:09:21.999Z,35.25961738037851,137.16524750148966,-129.0,-82138.0,340.70001220703125
2025-10-11T02:09:22.999Z,35.25965810733874,137.1653598482456,-118.0,-82134.0,341.6000061035156
2025-10-11T02:09:23.999Z,35.259696453761165,137.16547532293345,-108.0,-82130.0,341.20001220703125
2025-10-11T02:09:24.999Z,35.25973377610908,137.1655891436725,-98.0,-82125.0,342.29998779296875
2025-10-11T02:09:25.999Z,35.259772949043985,137.16569985399263,-87.0,-82121.0,343.20001220703125
2025-10-11T02:09:26.999Z,35.25980872639334,137.16580282313046,-78.0,-82117.0,343.0
2025-10-11T02:09:27.999Z,35.25984684273687,137.16591130074917,-68.0,-82113.0,344.20001220703125
2025-10-11T02:09:28.998Z,35.259889666391544,137.16601237138056,-59.0,-82108.0,343.1000061035156
2025-10-11T02:09:29.998Z,35.25995972189383,137.16608841868228,-52.0,-82100.0,343.1000061035156
2025-10-11T02:09:30.998Z,35.26003247519336,137.1661269292709,-49.0,-82092.0,345.5
2025-10-11T02:09:31.998Z,35.26010364340017,137.1661278405635,-49.0,-82084.0,345.5
2025-10-11T02:09:32.998Z,35.260175381371674,137.1661217382057,-49.0,-82076.0,347.3999938964844
2025-10-11T02:09:33.998Z,35.260262668569375,137.16610165495328,-51.0,-82067.0,349.0
2025-10-11T02:09:34.998Z,35.260348339037016,137.1660734534284,-53.0,-82057.0,350.29998779296875
2025-10-11T02:09:35.998Z,35.26044107436655,137.16604284180477,-56.0,-82047.0,350.29998779296875
2025-10-11T02:09:36.998Z,35.26053786160378,137.1660321415126,-57.0,-82036.0,351.1000061035156
2025-10-11T02:09:37.998Z,35.26063930742405,137.16603335104898,-57.0,-82025.0,351.6000061035156
2025-10-11T02:09:38.998Z,35.26073914520242,137.16606965403406,-54.0,-82014.0,351.6000061035156
2025-10-11T02:09:39.998Z,35.2608353730313,137.16611954242634,-49.0,-82003.0,353.6000061035156
2025-10-11T02:09:40.998Z,35.2609133973041,137.16621338962312,-41.0,-81995.0,353.5
2025-10-11T02:09:41.998Z,35.26100257039918,137.16626878029243,-36.0,-81985.0,356.79998779296875
2025-10-11T02:09:42.998Z,35.2610576566977,137.16639768144472,-24.0,-81979.0,359.5
2025-10-11T02:09:43.998Z,35.26112216662826,137.16650666046144,-14.0,-81971.0,359.79998779296875
2025-10-11T02:09:44.998Z,35.261189459434405,137.16661468260597,-4.0,-81964.0,360.0
2025-10-11T02:09:45.998Z,35.26126444597652,137.16671570521234,4.0,-81956.0,360.5
2025-10-11T02:09:46.998Z,35.26136499808436,137.16678258079185,10.0,-81944.0,360.79998779296875
2025-10-11T02:09:47.998Z,35.26146073948857,137.1668477532748,16.0,-81934.0,360.8999938964844
2025-10-11T02:09:48.998Z,35.26156191495303,137.1668964094643,20.0,-81923.0,362.5
2025-10-11T02:09:49.998Z,35.2616595386811,137.1669337109194,24.0,-81912.0,362.5
2025-10-11T02:09:50.998Z,35.261758132169625,137.16697118797825,27.0,-81901.0,364.0
2025-10-11T02:09:51.998Z,35.2618506087526,137.16699808107526,30.0,-81891.0,365.0
2025-10-11T02:09:52.998Z,35.26194353874805,137.16701099826287,31.0,-81880.0,366.6000061035156
2025-10-11T02:09:53.998Z,35.262017639194845,137.16698218923565,28.0,-81872.0,366.6000061035156
2025-10-11T02:09:54.998Z,35.26209827751692,137.1669439136458,25.0,-81863.0,366.6000061035156
2025-10-11T02:09:55.998Z,35.2621402926969,137.16686027448367,17.0,-81858.0,369.5
2025-10-11T02:09:56.998Z,35.26216508041626,137.1667692880646,9.0,-81856.0,370.3999938964844
2025-10-11T02:09:57.998Z,35.2621801533793,137.16666707831374,0.0,-81854.0,370.3999938964844
2025-10-11T02:09:58.998Z,35.2621391574584,137.16656288677598,-9.0,-81859.0,371.6000061035156
2025-10-11T02:09:59.998Z,35.26208163095038,137.1664811563399,-16.0,-81865.0,371.29998779296875
2025-10-11T02:10:00.998Z,35.26201413768511,137.16642054525275,-22.0,-81872.0,380.0
2025-10-11T02:10:01.998Z,35.26194149650657,137.1663892678288,-25.0,-81881.0,377.5
2025-10-11T02:10:35.000Z,35.263020864181534,137.16653621755307,-11.0,-81761.0,394.0
2025-10-11T02:10:36.000Z,35.26309367481266,137.16646804776366,-18.0,-81753.0,394.0
2025-10-11T02:10:37.000Z,35.26316356590372,137.1664123824921,-23.0,-81745.0,396.1000061035156
2025-10-11T02:10:38.000Z,35.2632015428165,137.16630185227393,-33.0,-81741.0,400.29998779296875
2025-10-11T02:10:39.000Z,35.26325404115614,137.16622418237202,-40.0,-81735.0,396.29998779296875
2025-10-11T02:10:40.000Z,35.2633036429439,137.16613085401335,-48.0,-81729.0,400.20001220703125
2025-10-11T02:10:41.000Z,35.26335348202896,137.1660432486559,-56.0,-81724.0,401.3999938964844
2025-10-11T02:10:42.000Z,35.26340413803692,137.16595420748055,-64.0,-81718.0,405.1000061035156
2025-10-11T02:10:43.000Z,35.26349748933636,137.1658950492619,-70.0,-81708.0,405.70001220703125
2025-10-11T02:10:44.000Z,35.2635844900602,137.1658971713861,-70.0,-81698.0,406.8999938964844
2025-10-11T02:10:45.000Z,35.26365778400027,137.16595924075776,-64.0,-81690.0,406.8999938964844
2025-10-11T02:10:46.000Z,35.26373846284142,137.16601390166832,-59.0,-81681.0,405.5
2025-10-11T02:10:47.000Z,35.26381112415678,137.1660794700439,-53.0,-81673.0,407.3999938964844
2025-10-11T02:10:48.000Z,35.26386944621727,137.16615514349763,-46.0,-81667.0,405.79998779296875
2025-10-11T02:10:49.000Z,35.26391666104252,137.16622394523833,-40.0,-81661.0,409.5
2025-10-11T02:10:50.000Z,35.2639140300084,137.16630747139232,-32.0,-81662.0,409.5
2025-10-11T02:10:50.999Z,35.263862037058566,137.16640565313975,-23.0,-81667.0,406.3999938964844
2025-10-11T02:10:51.999Z,35.263790933672446,137.16646328181596,-18.0,-81675.0,407.6000061035156
2025-10-11T02:10:52.999Z,35.26375686415929,137.16656254948538,-9.0,-81679.0,405.20001220703125
2025-10-11T02:10:53.999Z,35.26373347085561,137.16665864606446,0.0,-81682.0,405.20001220703125
2025-10-11T02:10:54.999Z,35.26374738992048,137.1667522971754,7.0,-81680.0,405.5
2025-10-11T02:10:55.999Z,35.26374574807505,137.1668594539302,17.0,-81680.0,406.5
2025-10-11T02:10:56.999Z,35.26375498798798,137.16695918334628,26.0,-81679.0,407.1000061035156
2025-10-11T02:10:57.999Z,35.26378069889793,137.1670148672451,31.0,-81676.0,411.79998779296875
2025-10-11T02:10:58.999Z,35.26383222411948,137.16706386821568,36.0,-81671.0,411.79998779296875
2025-10-11T02:10:59.999Z,35.26390587148205,137.16707049518763,36.0,-81663.0,415.1000061035156
2025-10-11T02:11:00.999Z,35.26399064489741,137.16704922522894,34.0,-81653.0,415.1000061035156
2025-10-11T02:11:01.999Z,35.26408962667943,137.16705650725237,35.0,-81642.0,418.0
2025-10-11T02:11:02.999Z,35.26418302023613,137.16710383818696,39.0,-81632.0,420.1000061035156
2025-10-11T02:11:03.999Z,35.26425891985546,137.16716387400226,45.0,-81623.0,422.3999938964844
2025-10-11T02:11:04.999Z,35.26432698221564,137.16723030821217,51.0,-81616.0,419.3999938964844
2025-10-11T02:11:05.999Z,35.264345610821444,137.16734499153915,61.0,-81614.0,423.6000061035156
2025-10-11T02:11:06.999Z,35.26435046795292,137.16745148687363,71.0,-81613.0,422.20001220703125
2025-10-11T02:11:07.999Z,35.26432857073927,137.16757294689307,82.0,-81616.0,416.29998779296875
2025-10-11T02:11:08.999Z,35.26430440510044,137.16769326912416,93.0,-81618.0,416.29998779296875
2025-10-11T02:11:09.999Z,35.26429184340232,137.16779641689664,102.0,-81620.0,416.70001220703125
2025-10-11T02:11:10.999Z,35.26430656959289,137.1679164887791,113.0,-81618.0,418.29998779296875
2025-10-11T02:11:11.999Z,35.26432063954395,137.1680453566263,125.0,-81617.0,418.70001220703125
2025-10-11T02:11:12.999Z,35.264375674428095,137.16816357225773,136.0,-81610.0,423.29998779296875
2025-10-11T02:11:13.999Z,35.26442637054887,137.16827112444602,145.0,-81605.0,420.6000061035156
2025-10-11T02:11:14.999Z,35.26446342421532,137.1683838151111,156.0,-81601.0,426.79998779296875
2025-10-11T02:11:15.999Z,35.26451351490766,137.16848054674813,165.0,-81595.0,425.70001220703125
2025-10-11T02:11:16.999Z,35.26456145125537,137.168581434028,174.0,-81590.0,427.5
2025-10-11T02:11:17.999Z,35.26459293542287,137.16869227138002,184.0,-81586.0,426.70001220703125
2025-10-11T02:11:18.999Z,35.264582346153105,137.16880904315505,194.0,-81588.0,427.1000061035156
2025-10-11T02:11:19.999Z,35.26453121453975,137.16891001624563,204.0,-81593.0,425.29998779296875
2025-10-11T02:11:20.999Z,35.264473932967405,137.1689863375955,211.0,-81600.0,425.29998779296875
2025-10-11T02:11:21.999Z,35.264393760004786,137.16904650466677,216.0,-81608.0,426.6000061035156
2025-10-11T02:11:22.999Z,35.26430134000026,137.16907530285442,219.0,-81619.0,425.29998779296875
2025-10-11T02:11:23.999Z,35.26420752327126,137.16909862088,221.0,-81629.0,424.20001220703125
2025-10-11T02:11:24.999Z,35.264147589006285,137.16915709453102,226.0,-81636.0,427.20001220703125
2025-10-11T02:11:25.999Z,35.26411158387732,137.16924598110134,234.0,-81640.0,428.3999938964844
2025-10-11T02:11:26.999Z,35.26408864281694,137.1693498420817,244.0,-81642.0,425.70001220703125
2025-10-11T02:11:27.999Z,35.264072964004534,137.16945577368696,253.0,-81644.0,425.3999938964844
2025-10-11T02:11:28.999Z,35.26405355003336,137.16956365183228,263.0,-81646.0,425.79998779296875
2025-10-11T02:11:29.999Z,35.2640386832753,137.16967960737833,274.0,-81648.0,427.8999938964844
2025-10-11T02:11:30.999Z,35.26402562086849,137.16979694297672,284.0,-81649.0,431.0
2025-10-11T02:11:31.999Z,35.26401114386286,137.16992142857114,296.0,-81651.0,436.29998779296875
2025-10-11T02:11:32.998Z,35.26400457684555,137.17004932409822,307.0,-81652.0,437.6000061035156
2025-10-11T02:11:33.998Z,35.26401637443552,137.17018455005189,320.0,-81650.0,438.3999938964844
2025-10-11T02:11:34.998Z,35.26404775909429,137.17031757942456,332.0,-81647.0,438.70001220703125
2025-10-11T02:11:35.998Z,35.26409273398165,137.1704365872127,343.0,-81642.0,437.70001220703125
2025-10-11T02:11:36.998Z,35.26414031826365,137.1705449356469,352.0,-81637.0,439.79998779296875
2025-10-11T02:11:37.998Z,35.26418113153257,137.17065276515964,362.0,-81632.0,437.29998779296875
2025-10-11T02:11:38.998Z,35.26419690512974,137.17076172297573,372.0,-81630.0,437.70001220703125
2025-10-11T02:11:39.998Z,35.2641984357504,137.17086962062768,382.0,-81630.0,439.70001220703125
2025-10-11T02:11:40.998Z,35.2641947050856,137.17099350951403,393.0,-81631.0,444.29998779296875
2025-10-11T02:11:41.998Z,35.26417332201397,137.17111243278265,404.0,-81633.0,448.29998779296875
2025-10-11T02:11:42.998Z,35.26415994299012,137.17123334798166,415.0,-81634.0,447.5
2025-10-11T02:11:43.998Z,35.264151992334966,137.17135455165908,426.0,-81635.0,447.1000061035156
2025-10-11T02:11:44.998Z,35.264135445604225,137.17148001131008,437.0,-81637.0,448.5
2025-10-11T02:11:45.998Z,35.26411556473997,137.1716060037341,449.0,-81639.0,450.1000061035156
2025-10-11T02:11:46.998Z,35.26409755058107,137.17173940878973,461.0,-81641.0,448.20001220703125
2025-10-11T02:11:47.998Z,35.26408948773678,137.17187780703665,474.0,-81642.0,448.6000061035156
2025-10-11T02:11:48.998Z,35.2640883054507,137.17201889263887,486.0,-81642.0,448.5
2025-10-11T02:11:49.998Z,35.26410134118947,137.17215756654645,499.0,-81641.0,448.3999938964844
2025-10-11T02:11:50.998Z,35.264131000886906,137.1722841913553,511.0,-81638.0,465.3999938964844
2025-10-11T02:11:51.998Z,35.26416053905114,137.1724075987757,522.0,-81634.0,459.20001220703125
2025-10-11T02:11:52.998Z,35.26418704444328,137.17253055890438,533.0,-81631.0,456.1000061035156
2025-10-11T02:11:53.998Z,35.264195194612654,137.1726510195067,544.0,-81630.0,455.8999938964844
2025-10-11T02:11:54.998Z,35.26418252980735,137.17276249188708,554.0,-81632.0,458.79998779296875
2025-10-11T02:11:55.998Z,35.264152188714085,137.1728750666323,564.0,-81635.0,461.70001220703125
2025-10-11T02:11:56.998Z,35.2640953679192,137.17297753902506,574.0,-81642.0,457.29998779296875
2025-10-11T02:11:57.998Z,35.2640204002082,137.17308312902622,583.0,-81650.0,458.8999938964844
2025-10-11T02:11:58.998Z,35.263944697375685,137.17318257955662,592.0,-81658.0,456.6000061035156
2025-10-11T02:11:59.998Z,35.263889173343294,137.1732819050322,601.0,-81664.0,458.5
2025-10-11T02:12:00.998Z,35.263857951315146,137.17340142466256,612.0,-81668.0,456.70001220703125
2025-10-11T02:12:01.998Z,35.26385857526169,137.17352097664627,623.0,-81668.0,456.70001220703125
2025-10-11T02:12:02.998Z,35.26390714611339,137.1736259615462,633.0,-81662.0,458.79998779296875
2025-10-11T02:12:03.998Z,35.26394853801389,137.1737335493264,642.0,-81658.0,458.5
2025-10-11T02:12:04.998Z,35.26402664803664,137.1737624247896,645.0,-81649.0,460.5
2025-10-11T02:12:05.998Z,35.26410611333421,137.1737779397749,647.0,-81640.0,461.0
2025-10-11T02:12:06.998Z,35.26418211587735,137.1737844027051,647.0,-81632.0,464.0
2025-10-11T02:12:07.998Z,35.2642332604958,137.17375740028422,645.0,-81626.0,466.20001220703125
2025-10-11T02:12:08.998Z,35.264305122878135,137.17372071103514,641.0,-81618.0,466.20001220703125
2025-10-11T02:12:09.998Z,35.26434154374028,137.17363977554749,634.0,-81614.0,467.70001220703125
2025-10-11T02:12:10.998Z,35.264407118109425,137.17354822018348,626.0,-81607.0,467.1000061035156
2025-10-11T02:12:11.998Z,35.264485509049145,137.17344349253426,616.0,-81598.0,468.1000061035156
2025-10-11T02:12:12.998Z,35.264581763385635,137.17336161228067,609.0,-81588.0,468.0
2025-10-11T02:12:13.998Z,35.26467953826683,137.17331561288722,604.0,-81577.0,471.6000061035156
2025-10-11T02:12:14.998Z,35.26478186258351,137.17331874675045,605.0,-81565.0,470.70001220703125
2025-10-11T02:12:15.998Z,35.2648767847962,137.17335464862123,608.0,-81555.0,467.8999938964844
2025-10-11T02:12:16.998Z,35.2649655639723,137.17339153533715,611.0,-81545.0,465.3999938964844
2025-10-11T02:12:17.998Z,35.26503726899367,137.1735068379598,622.0,-81537.0,460.79998779296875
2025-10-11T02:12:18.998Z,35.26509410758466,137.17361813761232,632.0,-81531.0,461.8999938964844
2025-10-11T02:12:19.998Z,35.2651221440567,137.17374476095122,643.0,-81528.0,460.1000061035156
2025-10-11T02:12:20.998Z,35.26514222259298,137.17389368790666,657.0,-81525.0,461.5
2025-10-11T02:12:21.997Z,35.26517011313244,137.17405306271604,672.0,-81522.0,462.0
2025-10-11T02:12:22.997Z,35.26518805200844,137.17421763559597,687.0,-81520.0,462.6000061035156
2025-10-11T02:12:23.997Z,35.265219259365104,137.1743922105571,702.0,-81517.0,463.29998779296875
2025-10-11T02:12:24.997Z,35.26524908028791,137.1745664014356,718.0,-81514.0,467.29998779296875
2025-10-11T02:12:25.997Z,35.26527670455237,137.17473456892503,734.0,-81510.0,468.29998779296875
2025-10-11T02:12:26.997Z,35.265301140631735,137.17490157607034,749.0,-81508.0,471.5
2025-10-11T02:12:27.997Z,35.265326955905046,137.1750641719595,764.0,-81505.0,473.8999938964844
2025-10-11T02:12:28.997Z,35.265354189045155,137.17522789149305,778.0,-81502.0,485.29998779296875
2025-10-11T02:12:29.997Z,35.265355667870566,137.17537858181626,792.0,-81502.0,485.70001220703125
2025-10-11T02:12:30.997Z,35.265325002187815,137.17552785206763,806.0,-81505.0,479.1000061035156
2025-10-11T02:12:31.997Z,35.265280745379705,137.17566490644998,818.0,-81510.0,477.29998779296875
2025-10-11T02:12:32.997Z,35.26521916375371,137.17577599941828,828.0,-81517.0,469.8999938964844
2025-10-11T02:12:33.997Z,35.265142548677495,137.17584392255847,834.0,-81525.0,470.20001220703125
2025-10-11T02:12:34.997Z,35.26503134641467,137.17594483542243,844.0,-81538.0,469.5
2025-10-11T02:12:35.997Z,35.26492243183924,137.17603752958905,852.0,-81550.0,469.8999938964844
2025-10-11T02:12:36.997Z,35.26481705043815,137.17613875635166,861.0,-81561.0,473.5
2025-10-11T02:12:37.997Z,35.264714466573295,137.1762385249321,870.0,-81573.0,477.6000061035156
2025-10-11T02:12:38.997Z,35.26461359679868,137.17633046433227,879.0,-81584.0,476.1000061035156
2025-10-11T02:12:40.000Z,35.264510306920975,137.17642767542077,888.0,-81595.0,477.8999938964844
2025-10-11T02:12:41.000Z,35.26440920969229,137.17651844715394,896.0,-81607.0,478.70001220703125
2025-10-11T02:12:42.000Z,35.26431128068557,137.17660767100534,904.0,-81618.0,479.1000061035156
2025-10-11T02:12:43.000Z,35.264248937005554,137.17671516449786,914.0,-81624.0,480.3999938964844
2025-10-11T02:12:44.000Z,35.264218045001904,137.1768576074573,927.0,-81628.0,485.0
2025-10-11T02:12:45.000Z,35.26420835620413,137.1770063845947,940.0,-81629.0,485.8999938964844
2025-10-11T02:12:46.000Z,35.26420639181719,137.17714675054833,953.0,-81629.0,486.29998779296875
2025-10-11T02:12:47.000Z,35.26421003322028,137.17727846118285,965.0,-81629.0,486.70001220703125
2025-10-11T02:12:48.000Z,35.2642087867412,137.1774191954521,978.0,-81629.0,487.5
2025-10-11T02:12:49.000Z,35.26420322178806,137.17756023917198,991.0,-81630.0,487.5
2025-10-11T02:12:50.000Z,35.264192535653955,137.17769110289817,1003.0,-81631.0,486.3999938964844
2025-10-11T02:12:55.999Z,35.264050432541,137.17845515855453,1072.0,-81646.0,488.29998779296875
2025-10-11T02:12:56.999Z,35.26402040893345,137.17858395201367,1084.0,-81650.0,488.5
2025-10-11T02:12:57.999Z,35.2639903981696,137.17872274376157,1096.0,-81653.0,488.0
2025-10-11T02:12:58.999Z,35.26396261850283,137.17887216484056,1110.0,-81656.0,488.5
2025-10-11T02:12:59.999Z,35.263952408460604,137.17902341738716,1124.0,-81657.0,488.79998779296875
2025-10-11T02:13:00.999Z,35.263993480446764,137.17917118697778,1137.0,-81653.0,488.8999938964844
2025-10-11T02:13:01.999Z,35.264025395603035,137.17932660919766,1151.0,-81649.0,490.5
2025-10-11T02:13:02.999Z,35.26410439636454,137.17946392173235,1164.0,-81640.0,493.29998779296875
2025-10-11T02:13:03.999Z,35.26422263928846,137.17956604792863,1173.0,-81627.0,497.0
2025-10-11T02:13:04.999Z,35.26431035852543,137.1797082152357,1186.0,-81618.0,495.1000061035156
2025-10-11T02:13:05.999Z,35.264411107604815,137.17982536405992,1197.0,-81606.0,495.79998779296875
2025-10-11T02:13:06.999Z,35.264500543778176,137.17995060789534,1208.0,-81597.0,497.29998779296875
2025-10-11T02:13:07.999Z,35.26456463796829,137.18010263777413,1222.0,-81589.0,499.79998779296875
2025-10-11T02:13:08.999Z,35.26460511397232,137.1802660966961,1237.0,-81585.0,497.3999938964844
2025-10-11T02:13:09.999Z,35.26463913822459,137.1804384891071,1253.0,-81581.0,496.1000061035156
2025-10-11T02:13:10.999Z,35.26466350142217,137.18060719905338,1268.0,-81578.0,493.70001220703125
2025-10-11T02:13:11.999Z,35.26468163937981,137.18076090020992,1282.0,-81576.0,494.5
2025-10-11T02:13:12.999Z,35.26470090440424,137.18089852479488,1294.0,-81574.0,494.3999938964844
2025-10-11T02:13:13.999Z,35.26471661228814,137.18102880671285,1306.0,-81573.0,495.0
2025-10-11T02:13:14.999Z,35.26473249436472,137.18114918611158,1317.0,-81571.0,495.6000061035156
2025-10-11T02:13:15.999Z,35.26474717051716,137.18126522345182,1328.0,-81569.0,495.79998779296875
2025-10-11T02:13:16.999Z,35.26476582240443,137.1813704166727,1337.0,-81567.0,496.1000061035156
2025-10-11T02:13:17.999Z,35.264782512659906,137.18148073282094,1347.0,-81565.0,498.20001220703125
2025-10-11T02:13:18.999Z,35.26479457989544,137.18159045621135,1357.0,-81564.0,499.29998779296875
2025-10-11T02:13:19.999Z,35.26480795469423,137.18169450535368,1367.0,-81562.0,499.8999938964844
2025-10-11T02:13:20.999Z,35.26481641223209,137.18180042128407,1376.0,-81561.0,499.8999938964844
2025-10-11T02:13:21.999Z,35.26482407331978,137.18191304176227,1387.0,-81561.0,499.79998779296875
2025-10-11T02:13:22.999Z,35.26482803929252,137.18202805337097,1397.0,-81560.0,499.79998779296875
2025-10-11T02:13:23.999Z,35.26482975198392,137.1821509496359,1408.0,-81560.0,500.5
2025-10-11T02:13:24.999Z,35.264828525325065,137.18227603047805,1420.0,-81560.0,501.79998779296875
2025-10-11T02:13:25.999Z,35.264825458332275,137.18238117375594,1429.0,-81560.0,504.29998779296875
2025-10-11T02:13:26.999Z,35.26481421196525,137.18248756064844,1439.0,-81562.0,506.8999938964844
2025-10-11T02:13:27.999Z,35.264790302824125,137.1825887382913,1448.0,-81564.0,508.29998779296875
2025-10-11T02:13:28.999Z,35.264784004753736,137.182712682484,1459.0,-81565.0,508.8999938964844
2025-10-11T02:13:29.999Z,35.264777331219285,137.18283198197412,1470.0,-81566.0,506.79998779296875
2025-10-11T02:13:30.999Z,35.264763357337195,137.18295609248034,1482.0,-81567.0,507.1000061035156
2025-10-11T02:13:31.999Z,35.264752478919775,137.1830815618917,1493.0,-81569.0,507.20001220703125
2025-10-11T02:13:32.998Z,35.26474771277897,137.18318524187796,1502.0,-81569.0,507.6000061035156
2025-10-11T02:13:33.998Z,35.264746661121386,137.18328014340256,1511.0,-81569.0,508.20001220703125
2025-10-11T02:13:34.998Z,35.264748429706124,137.18337900622672,1520.0,-81569.0,508.5
2025-10-11T02:13:35.998Z,35.2647450204858,137.1835247501852,1533.0,-81569.0,509.20001220703125
2025-10-11T02:13:36.998Z,35.26474022059092,137.18367987257108,1547.0,-81570.0,512.2999877929688
2025-10-11T02:13:37.998Z,35.26473201960474,137.18385066309634,1563.0,-81571.0,514.4000244140625
2025-10-11T02:13:38.998Z,35.26472923043445,137.18403675353164,1580.0,-81571.0,517.4000244140625
2025-10-11T02:13:39.998Z,35.264740321743474,137.18422204686863,1597.0,-81570.0,517.4000244140625
2025-10-11T02:13:40.998Z,35.26472490302769,137.18439889361133,1613.0,-81572.0,517.2999877929688
2025-10-11T02:13:41.998Z,35.26476068178351,137.18458719437157,1630.0,-81568.0,513.7000122070312
2025-10-11T02:13:42.998Z,35.26482634410605,137.18477143146492,1647.0,-81560.0,509.3999938964844
2025-10-11T02:13:43.998Z,35.26489732041624,137.18496116841234,1664.0,-81552.0,506.6000061035156
2025-10-11T02:13:44.998Z,35.26496019607664,137.1851327986758,1680.0,-81545.0,505.20001220703125
2025-10-11T02:13:45.998Z,35.26501141656597,137.1853156069186,1696.0,-81540.0,504.0
2025-10-11T02:13:46.998Z,35.26508050539085,137.18548671739734,1712.0,-81532.0,504.8999938964844
2025-10-11T02:13:47.998Z,35.2651481907938,137.18565924810116,1728.0,-81525.0,503.29998779296875
2025-10-11T02:13:48.998Z,35.26524622697467,137.18582808794412,1743.0,-81514.0,503.70001220703125
2025-10-11T02:13:49.998Z,35.2653346609005,137.18599510986212,1758.0,-81504.0,500.6000061035156
2025-10-11T02:13:50.998Z,35.26543010576316,137.18615124343813,1772.0,-81493.0,501.79998779296875
2025-10-11T02:13:51.998Z,35.265530500816375,137.18631400575003,1787.0,-81482.0,503.0
2025-10-11T02:13:52.998Z,35.2656336477233,137.186481228615,1802.0,-81471.0,504.3999938964844
2025-10-11T02:13:53.998Z,35.26573393121619,137.186643809282,1817.0,-81460.0,504.3999938964844
2025-10-11T02:13:54.998Z,35.26582525964863,137.1868157139645,1833.0,-81449.0,506.5
2025-10-11T02:13:55.998Z,35.2659201558069,137.1869698195758,1847.0,-81439.0,505.70001220703125
2025-10-11T02:13:56.998Z,35.26601251308799,137.18712686043497,1861.0,-81429.0,499.29998779296875
2025-10-11T02:13:57.998Z,35.26611512132424,137.18728017463923,1875.0,-81417.0,497.8999938964844
2025-10-11T02:13:58.998Z,35.26626197542974,137.1874154029315,1887.0,-81401.0,496.79998779296875
2025-10-11T02:13:59.998Z,35.26640242668529,137.1875374536042,1898.0,-81385.0,496.1000061035156
2025-10-11T02:14:00.998Z,35.26654394779274,137.1876573670566,1909.0,-81370.0,494.8999938964844
2025-10-11T02:14:01.998Z,35.26668488478695,137.18777411158524,1920.0,-81354.0,492.6000061035156
2025-10-11T02:14:02.998Z,35.266830715956374,137.18789473444613,1931.0,-81338.0,488.20001220703125
2025-10-11T02:14:03.998Z,35.26698372573666,137.18800986041103,1941.0,-81321.0,489.29998779296875
2025-10-11T02:14:04.998Z,35.26713719141101,137.18812416506242,1952.0,-81304.0,485.29998779296875
2025-10-11T02:14:05.998Z,35.267295229477085,137.18823260055984,1962.0,-81286.0,482.6000061035156
2025-10-11T02:14:06.998Z,35.26745245954615,137.18834173577974,1972.0,-81269.0,484.3999938964844
2025-10-11T02:14:07.998Z,35.26761284279794,137.18845115108857,1981.0,-81251.0,486.8999938964844
2025-10-11T02:14:08.998Z,35.267775105753046,137.18856026788046,1991.0,-81233.0,485.8999938964844
2025-10-11T02:14:09.998Z,35.267940510774096,137.18865828136862,2000.0,-81215.0,478.6000061035156
2025-10-11T02:14:10.998Z,35.268086275380924,137.188751876777,2009.0,-81199.0,478.8999938964844
2025-10-11T02:14:11.998Z,35.26825150869568,137.18878314535675,2012.0,-81180.0,480.20001220703125
2025-10-11T02:14:12.998Z,35.26843077203663,137.1887802347799,2011.0,-81160.0,479.5
2025-10-11T02:14:13.998Z,35.2686101891408,137.18875545276546,2009.0,-81141.0,475.6000061035156
2025-10-11T02:14:14.998Z,35.26878004716248,137.18874688366458,2008.0,-81122.0,473.5
2025-10-11T02:14:15.998Z,35.26891576606028,137.1887781009478,2011.0,-81107.0,475.20001220703125
2025-10-11T02:14:16.998Z,35.26904193757876,137.1888794138234,2020.0,-81093.0,474.5
2025-10-11T02:14:17.998Z,35.26915636608244,137.18902459008987,2034.0,-81080.0,477.5
2025-10-11T02:14:18.998Z,35.26926602493797,137.18919331152645,2049.0,-81068.0,478.29998779296875
2025-10-11T02:14:19.998Z,35.26937467409587,137.1893608022553,2064.0,-81056.0,478.29998779296875
2025-10-11T02:14:20.998Z,35.26947737055345,137.18952142316,2079.0,-81044.0,478.70001220703125
2025-10-11T02:14:21.998Z,35.26956981452614,137.18969048902258,2094.0,-81034.0,479.29998779296875
2025-10-11T02:14:22.997Z,35.26965987297907,137.1898622061127,2110.0,-81024.0,478.8999938964844
2025-10-11T02:14:23.997Z,35.26974864572708,137.1900361720897,2126.0,-81014.0,475.8999938964844
2025-10-11T02:14:24.997Z,35.26983679217902,137.19021132984474,2142.0,-81004.0,473.3999938964844
2025-10-11T02:14:25.997Z,35.26992640428992,137.19038705183533,2158.0,-80994.0,471.70001220703125
2025-10-11T02:14:26.997Z,35.27001489273876,137.19056319664256,2174.0,-80985.0,467.6000061035156
2025-10-11T02:14:27.997Z,35.27010307532384,137.19073958034045,2190.0,-80975.0,465.20001220703125
2025-10-11T02:14:28.997Z,35.270191391392565,137.1909132404254,2205.0,-80965.0,461.5
2025-10-11T02:14:29.997Z,35.27028177078593,137.191088547901,2221.0,-80955.0,461.3999938964844
2025-10-11T02:14:30.997Z,35.2703722067155,137.19126600053164,2237.0,-80945.0,460.79998779296875
2025-10-11T02:14:31.997Z,35.270461773927586,137.19144009308147,2253.0,-80935.0,463.5
2025-10-11T02:14:32.997Z,35.270551394296895,137.19161650285304,2269.0,-80925.0,467.79998779296875
2025-10-11T02:14:33.997Z,35.270638937773576,137.19179240770862,2285.0,-80915.0,469.70001220703125
2025-10-11T02:14:34.997Z,35.27070148288672,137.1919602133076,2301.0,-80908.0,480.0
2025-10-11T02:14:35.997Z,35.27072253716981,137.1921431639089,2317.0,-80906.0,467.5
2025-10-11T02:14:36.997Z,35.27069078264126,137.1923448509538,2336.0,-80910.0,461.6000061035156
2025-10-11T02:14:37.997Z,35.270618943637416,137.1925533567341,2355.0,-80918.0,459.5
2025-10-11T02:14:38.997Z,35.270545607490654,137.19275906662878,2373.0,-80926.0,458.1000061035156
2025-10-11T02:14:39.997Z,35.27051203393572,137.19297167902178,2393.0,-80929.0,459.1000061035156
2025-10-11T02:14:40.997Z,35.27051528097073,137.1931964215938,2413.0,-80929.0,458.79998779296875
2025-10-11T02:14:41.997Z,35.270573143314984,137.1934258786062,2434.0,-80923.0,458.5
2025-10-11T02:14:42.997Z,35.27060011374405,137.1936652352266,2456.0,-80920.0,450.8999938964844
2025-10-11T02:14:43.997Z,35.27064366209424,137.19388845428665,2476.0,-80915.0,448.3999938964844
2025-10-11T02:14:44.997Z,35.270659651528064,137.19407845699175,2493.0,-80913.0,448.3999938964844
2025-10-11T02:14:45.999Z,35.270610168378546,137.1942466042786,2509.0,-80919.0,446.70001220703125
2025-10-11T02:14:46.999Z,35.27051634892324,137.19441912465126,2524.0,-80929.0,441.5
2025-10-11T02:14:47.999Z,35.270392932018574,137.19458598614736,2540.0,-80943.0,442.0
2025-10-11T02:14:48.999Z,35.27027647491269,137.19475531560616,2555.0,-80956.0,444.3999938964844
2025-10-11T02:14:49.999Z,35.27016760783439,137.19492651698098,2571.0,-80968.0,444.70001220703125
2025-10-11T02:14:50.999Z,35.27008727028498,137.19511759454036,2588.0,-80976.0,440.8999938964844
2025-10-11T02:14:51.999Z,35.27005732503919,137.1953377738694,2608.0,-80980.0,439.3999938964844
2025-10-11T02:14:52.999Z,35.27009469725717,137.19555812193985,2628.0,-80976.0,438.6000061035156
2025-10-11T02:14:53.999Z,35.27016530044773,137.1957574948279,2646.0,-80968.0,438.5
2025-10-11T02:14:54.999Z,35.27026818258931,137.1959310993357,2662.0,-80956.0,437.6000061035156
2025-10-11T02:14:55.999Z,35.270378043019164,137.19610050221118,2677.0,-80944.0,436.79998779296875
2025-10-11T02:14:56.999Z,35.270500979119404,137.19628169315405,2694.0,-80931.0,436.70001220703125
2025-10-11T02:14:57.999Z,35.270635497658695,137.19645716113345,2710.0,-80916.0,436.6000061035156
2025-10-11T02:14:58.999Z,35.27075496780294,137.19664164212236,2727.0,-80902.0,436.5
2025-10-11T02:14:59.999Z,35.27088312018967,137.19681353827943,2742.0,-80888.0,438.3999938964844
2025-10-11T02:15:00.999Z,35.27100931398338,137.19698913292623,2758.0,-80874.0,435.79998779296875
2025-10-11T02:15:01.999Z,35.27112602495305,137.19716985085444,2775.0,-80861.0,434.70001220703125
2025-10-11T02:15:02.999Z,35.2712224183233,137.19736011553871,2792.0,-80851.0,437.1000061035156
2025-10-11T02:15:03.999Z,35.27128078690404,137.19757319908453,2811.0,-80844.0,437.29998779296875
2025-10-11T02:15:04.999Z,35.27131694137862,137.19780301819068,2832.0,-80840.0,435.8999938964844
2025-10-11T02:15:05.999Z,35.27135163151239,137.198028966661,2853.0,-80836.0,436.5
2025-10-11T02:15:06.999Z,35.271388183966714,137.19823496423282,2871.0,-80832.0,435.29998779296875
2025-10-11T02:15:22.999Z,35.271298006620285,137.20079515225126,3104.0,-80842.0,443.3999938964844
2025-10-11T02:15:23.999Z,35.2712904744856,137.20094194226834,3118.0,-80843.0,443.6000061035156
2025-10-11T02:15:24.999Z,35.27128300779865,137.20109303338373,3131.0,-80844.0,443.70001220703125
2025-10-11T02:15:25.999Z,35.271275965933654,137.2012446796724,3145.0,-80844.0,443.8999938964844
2025-10-11T02:15:26.999Z,35.27126891825793,137.2013864510337,3158.0,-80845.0,444.70001220703125
2025-10-11T02:15:27.999Z,35.27126171606898,137.2015405922568,3172.0,-80846.0,445.70001220703125
2025-10-11T02:15:28.999Z,35.27124971989469,137.20170843032128,3187.0,-80847.0,447.70001220703125
2025-10-11T02:15:29.999Z,35.271235820039315,137.2018791114055,3203.0,-80849.0,448.8999938964844
2025-10-11T02:15:30.999Z,35.27122130129333,137.20204196290996,3218.0,-80850.0,448.6000061035156
2025-10-11T02:15:31.999Z,35.27120578740448,137.20219927032645,3232.0,-80852.0,449.29998779296875
2025-10-11T02:15:32.999Z,35.27119349739626,137.2023524536575,3246.0,-80854.0,449.79998779296875
2025-10-11T02:15:33.998Z,35.27117653643513,137.20250065261664,3260.0,-80855.0,449.8999938964844
2025-10-11T02:15:34.998Z,35.27117972620276,137.2026060318336,3269.0,-80855.0,452.1000061035156
2025-10-11T02:15:35.998Z,35.271179031195054,137.20268080763577,3276.0,-80855.0,454.20001220703125
2025-10-11T02:15:36.998Z,35.271164508323324,137.20274769229633,3282.0,-80857.0,454.20001220703125
2025-10-11T02:15:37.998Z,35.27114854292312,137.20282356317313,3289.0,-80859.0,454.20001220703125
2025-10-11T02:15:38.998Z,35.27113457478298,137.20291029194485,3297.0,-80860.0,455.70001220703125
2025-10-11T02:15:39.998Z,35.27111649708597,137.2030178172402,3307.0,-80862.0,458.0
2025-10-11T02:15:40.998Z,35.271104509209415,137.20313448227705,3317.0,-80863.0,456.70001220703125
2025-10-11T02:15:41.998Z,35.271083039959834,137.20326769435448,3329.0,-80866.0,458.6000061035156
2025-10-11T02:15:42.998Z,35.27105148388994,137.2034108046007,3342.0,-80869.0,460.1000061035156
2025-10-11T02:15:43.998Z,35.27100495161991,137.20355940789366,3356.0,-80874.0,465.6000061035156
2025-10-11T02:15:44.998Z,35.27094823489389,137.20369268152606,3368.0,-80881.0,460.5
2025-10-11T02:15:45.998Z,35.27087280105719,137.20382131077432,3380.0,-80889.0,458.5
2025-10-11T02:15:46.998Z,35.27077191254576,137.20394895894668,3391.0,-80900.0,457.5
2025-10-11T02:15:47.998Z,35.27066339929163,137.20406930205212,3402.0,-80912.0,457.5
2025-10-11T02:15:48.998Z,35.270562247857164,137.2041897818808,3413.0,-80924.0,458.8999938964844
2025-10-11T02:15:49.998Z,35.27046526689561,137.2043053394587,3424.0,-80934.0,459.0
